1786677177	juicefs_fuse_ops_durations_histogram_seconds_total	193
1786677177	juicefs_fuse_ops_durations_histogram_seconds_sum	0.06385045999999998
1786677177	juicefs_used_buffer_size_bytes	0
1786677178	juicefs_fuse_ops_durations_histogram_seconds_total	1560
1786677178	juicefs_fuse_ops_durations_histogram_seconds_sum	0.5781985979999997
1786677178	juicefs_fuse_ops_total_write	1352
1786677178	juicefs_object_request_durations_histogram_seconds_PUT_total	4168
1786677178	juicefs_used_buffer_size_bytes	786432
1786677179	juicefs_fuse_ops_durations_histogram_seconds_total	1571
1786677179	juicefs_fuse_ops_durations_histogram_seconds_sum	0.5817390139999997
1786677179	juicefs_fuse_ops_total_write	1352
1786677179	juicefs_object_request_durations_histogram_seconds_PUT_total	4168
1786677179	juicefs_used_buffer_size_bytes	786432
1786677180	juicefs_fuse_ops_durations_histogram_seconds_total	1930
1786677180	juicefs_fuse_ops_durations_histogram_seconds_sum	2.5527290589999967
1786677180	juicefs_fuse_ops_total_write	1700
1786677180	juicefs_object_request_durations_histogram_seconds_PUT_total	7332
1786677180	juicefs_used_buffer_size_bytes	786432
1786677181	juicefs_fuse_ops_durations_histogram_seconds_total	2267
1786677181	juicefs_fuse_ops_durations_histogram_seconds_sum	3.6420617179999946
1786677181	juicefs_fuse_ops_total_write	1876
1786677181	juicefs_object_request_durations_histogram_seconds_PUT_total	8102
1786677181	juicefs_used_buffer_size_bytes	3407872
1786677182	juicefs_fuse_ops_durations_histogram_seconds_total	2934
1786677182	juicefs_fuse_ops_durations_histogram_seconds_sum	4.591929107000009
1786677182	juicefs_fuse_ops_total_write	2532
1786677182	juicefs_object_request_durations_histogram_seconds_PUT_total	9443
1786677182	juicefs_used_buffer_size_bytes	1048576
1786677183	juicefs_fuse_ops_durations_histogram_seconds_total	3783
1786677183	juicefs_fuse_ops_durations_histogram_seconds_sum	5.485433631000006
1786677183	juicefs_fuse_ops_total_write	3370
1786677183	juicefs_object_request_durations_histogram_seconds_PUT_total	12860
1786677183	juicefs_used_buffer_size_bytes	1835008
1786677184	juicefs_fuse_ops_durations_histogram_seconds_total	4831
1786677184	juicefs_fuse_ops_durations_histogram_seconds_sum	6.438924155999993
1786677184	juicefs_fuse_ops_total_write	4407
1786677184	juicefs_object_request_durations_histogram_seconds_PUT_total	15414
1786677184	juicefs_used_buffer_size_bytes	1048576
1786677185	juicefs_fuse_ops_durations_histogram_seconds_total	5663
1786677185	juicefs_fuse_ops_durations_histogram_seconds_sum	7.36266005899999
1786677185	juicefs_fuse_ops_total_write	5228
1786677185	juicefs_object_request_durations_histogram_seconds_PUT_total	18774
1786677185	juicefs_used_buffer_size_bytes	3145728
1786677186	juicefs_fuse_ops_durations_histogram_seconds_total	6609
1786677186	juicefs_fuse_ops_durations_histogram_seconds_sum	8.357697591999965
1786677186	juicefs_fuse_ops_total_write	6013
1786677186	juicefs_object_request_durations_histogram_seconds_PUT_total	21116
1786677186	juicefs_used_buffer_size_bytes	1048576
1786677187	juicefs_fuse_ops_durations_histogram_seconds_total	7485
1786677187	juicefs_fuse_ops_durations_histogram_seconds_sum	9.28495227399997
1786677187	juicefs_fuse_ops_total_write	6878
1786677187	juicefs_object_request_durations_histogram_seconds_PUT_total	24326
1786677187	juicefs_used_buffer_size_bytes	4194304
1786677188	juicefs_fuse_ops_durations_histogram_seconds_total	8307
1786677188	juicefs_fuse_ops_durations_histogram_seconds_sum	10.219351863999963
1786677188	juicefs_fuse_ops_total_write	7689
1786677188	juicefs_object_request_durations_histogram_seconds_PUT_total	26888
1786677188	juicefs_used_buffer_size_bytes	1048576
1786677189	juicefs_fuse_ops_durations_histogram_seconds_total	9308
1786677189	juicefs_fuse_ops_durations_histogram_seconds_sum	11.13847839199994
1786677189	juicefs_fuse_ops_total_write	8679
1786677189	juicefs_object_request_durations_histogram_seconds_PUT_total	29994
1786677189	juicefs_used_buffer_size_bytes	4456448
1786677190	juicefs_fuse_ops_durations_histogram_seconds_total	10053
1786677190	juicefs_fuse_ops_durations_histogram_seconds_sum	12.078782577999933
1786677190	juicefs_fuse_ops_total_write	9413
1786677190	juicefs_object_request_durations_histogram_seconds_PUT_total	32708
1786677190	juicefs_used_buffer_size_bytes	1048576
1786677191	juicefs_fuse_ops_durations_histogram_seconds_total	11061
1786677191	juicefs_fuse_ops_durations_histogram_seconds_sum	13.058682177999948
1786677191	juicefs_fuse_ops_total_write	10260
1786677191	juicefs_object_request_durations_histogram_seconds_PUT_total	35317
1786677191	juicefs_used_buffer_size_bytes	4980736
1786677192	juicefs_fuse_ops_durations_histogram_seconds_total	11813
1786677192	juicefs_fuse_ops_durations_histogram_seconds_sum	13.995967954999962
1786677192	juicefs_fuse_ops_total_write	11002
1786677192	juicefs_object_request_durations_histogram_seconds_PUT_total	38369
1786677192	juicefs_used_buffer_size_bytes	1310720
1786677193	juicefs_fuse_ops_durations_histogram_seconds_total	12819
1786677193	juicefs_fuse_ops_durations_histogram_seconds_sum	14.916307004999965
1786677193	juicefs_fuse_ops_total_write	11996
1786677193	juicefs_object_request_durations_histogram_seconds_PUT_total	40783
1786677193	juicefs_used_buffer_size_bytes	3670016
1786677194	juicefs_fuse_ops_durations_histogram_seconds_total	13658
1786677194	juicefs_fuse_ops_durations_histogram_seconds_sum	15.848714859000008
1786677194	juicefs_fuse_ops_total_write	12824
1786677194	juicefs_object_request_durations_histogram_seconds_PUT_total	44251
1786677194	juicefs_used_buffer_size_bytes	1835008
1786677195	juicefs_fuse_ops_durations_histogram_seconds_total	14548
1786677195	juicefs_fuse_ops_durations_histogram_seconds_sum	16.778285256999972
1786677195	juicefs_fuse_ops_total_write	13703
1786677195	juicefs_object_request_durations_histogram_seconds_PUT_total	46452
1786677195	juicefs_used_buffer_size_bytes	4718592
1786677196	juicefs_fuse_ops_durations_histogram_seconds_total	15448
1786677196	juicefs_fuse_ops_durations_histogram_seconds_sum	17.773375898999923
1786677196	juicefs_fuse_ops_total_write	14442
1786677196	juicefs_object_request_durations_histogram_seconds_PUT_total	49927
1786677196	juicefs_used_buffer_size_bytes	1572864
1786677197	juicefs_fuse_ops_durations_histogram_seconds_total	16369
1786677197	juicefs_fuse_ops_durations_histogram_seconds_sum	18.700479188999932
1786677197	juicefs_fuse_ops_total_write	15352
1786677197	juicefs_object_request_durations_histogram_seconds_PUT_total	51950
1786677197	juicefs_used_buffer_size_bytes	4194304
1786677198	juicefs_fuse_ops_durations_histogram_seconds_total	17258
1786677198	juicefs_fuse_ops_durations_histogram_seconds_sum	19.628568454999915
1786677198	juicefs_fuse_ops_total_write	16231
1786677198	juicefs_object_request_durations_histogram_seconds_PUT_total	55759
1786677198	juicefs_used_buffer_size_bytes	1310720
1786677199	juicefs_fuse_ops_durations_histogram_seconds_total	18196
1786677199	juicefs_fuse_ops_durations_histogram_seconds_sum	20.553117062999895
1786677199	juicefs_fuse_ops_total_write	17157
1786677199	juicefs_object_request_durations_histogram_seconds_PUT_total	57678
1786677199	juicefs_used_buffer_size_bytes	1572864
1786677200	juicefs_fuse_ops_durations_histogram_seconds_total	18931
1786677200	juicefs_fuse_ops_durations_histogram_seconds_sum	21.49195169299993
1786677200	juicefs_fuse_ops_total_write	17881
1786677200	juicefs_object_request_durations_histogram_seconds_PUT_total	61465
1786677200	juicefs_used_buffer_size_bytes	1835008
1786677201	juicefs_fuse_ops_durations_histogram_seconds_total	20004
1786677201	juicefs_fuse_ops_durations_histogram_seconds_sum	22.4539079129999
1786677201	juicefs_fuse_ops_total_write	18793
1786677201	juicefs_object_request_durations_histogram_seconds_PUT_total	63377
1786677201	juicefs_used_buffer_size_bytes	1310720
1786677202	juicefs_fuse_ops_durations_histogram_seconds_total	20740
1786677202	juicefs_fuse_ops_durations_histogram_seconds_sum	23.402400636999886
1786677202	juicefs_fuse_ops_total_write	19518
1786677202	juicefs_object_request_durations_histogram_seconds_PUT_total	67162
1786677202	juicefs_used_buffer_size_bytes	1572864
1786677203	juicefs_fuse_ops_durations_histogram_seconds_total	21884
1786677203	juicefs_fuse_ops_durations_histogram_seconds_sum	24.31138534699986
1786677203	juicefs_fuse_ops_total_write	20651
1786677203	juicefs_object_request_durations_histogram_seconds_PUT_total	69226
1786677203	juicefs_used_buffer_size_bytes	2883584
1786677204	juicefs_fuse_ops_durations_histogram_seconds_total	22585
1786677204	juicefs_fuse_ops_durations_histogram_seconds_sum	25.25467084899987
1786677204	juicefs_fuse_ops_total_write	21341
1786677204	juicefs_object_request_durations_histogram_seconds_PUT_total	73042
1786677204	juicefs_used_buffer_size_bytes	1572864
1786677205	juicefs_fuse_ops_durations_histogram_seconds_total	23523
1786677205	juicefs_fuse_ops_durations_histogram_seconds_sum	26.17981568399991
1786677205	juicefs_fuse_ops_total_write	22268
1786677205	juicefs_object_request_durations_histogram_seconds_PUT_total	74865
1786677205	juicefs_used_buffer_size_bytes	2621440
1786677206	juicefs_fuse_ops_durations_histogram_seconds_total	24400
1786677206	juicefs_fuse_ops_durations_histogram_seconds_sum	27.144648330999935
1786677206	juicefs_fuse_ops_total_write	22984
1786677206	juicefs_object_request_durations_histogram_seconds_PUT_total	78763
1786677206	juicefs_used_buffer_size_bytes	1048576
1786677207	juicefs_fuse_ops_durations_histogram_seconds_total	25442
1786677207	juicefs_fuse_ops_durations_histogram_seconds_sum	28.08392305399993
1786677207	juicefs_fuse_ops_total_write	24015
1786677207	juicefs_object_request_durations_histogram_seconds_PUT_total	80708
1786677207	juicefs_used_buffer_size_bytes	2359296
1786677208	juicefs_fuse_ops_durations_histogram_seconds_total	26324
1786677208	juicefs_fuse_ops_durations_histogram_seconds_sum	29.008575217999994
1786677208	juicefs_fuse_ops_total_write	24885
1786677208	juicefs_object_request_durations_histogram_seconds_PUT_total	84785
1786677208	juicefs_used_buffer_size_bytes	2097152
1786677209	juicefs_fuse_ops_durations_histogram_seconds_total	27250
1786677209	juicefs_fuse_ops_durations_histogram_seconds_sum	29.920895447999992
1786677209	juicefs_fuse_ops_total_write	25801
1786677209	juicefs_object_request_durations_histogram_seconds_PUT_total	86571
1786677209	juicefs_used_buffer_size_bytes	2621440
1786677210	juicefs_fuse_ops_durations_histogram_seconds_total	28001
1786677210	juicefs_fuse_ops_durations_histogram_seconds_sum	30.851296901999987
1786677210	juicefs_fuse_ops_total_write	26541
1786677210	juicefs_object_request_durations_histogram_seconds_PUT_total	90492
1786677210	juicefs_used_buffer_size_bytes	2883584
1786677211	juicefs_fuse_ops_durations_histogram_seconds_total	29049
1786677211	juicefs_fuse_ops_durations_histogram_seconds_sum	31.81685782299999
1786677211	juicefs_fuse_ops_total_write	27428
1786677211	juicefs_object_request_durations_histogram_seconds_PUT_total	92148
1786677211	juicefs_used_buffer_size_bytes	2359296
1786677212	juicefs_fuse_ops_durations_histogram_seconds_total	29879
1786677212	juicefs_fuse_ops_durations_histogram_seconds_sum	32.7509357909999
1786677212	juicefs_fuse_ops_total_write	28247
1786677212	juicefs_object_request_durations_histogram_seconds_PUT_total	96171
1786677212	juicefs_used_buffer_size_bytes	3407872
1786677213	juicefs_fuse_ops_durations_histogram_seconds_total	30881
1786677213	juicefs_fuse_ops_durations_histogram_seconds_sum	33.669559358999905
1786677213	juicefs_fuse_ops_total_write	29238
1786677213	juicefs_object_request_durations_histogram_seconds_PUT_total	97910
1786677213	juicefs_used_buffer_size_bytes	2883584
1786677214	juicefs_fuse_ops_durations_histogram_seconds_total	31631
1786677214	juicefs_fuse_ops_durations_histogram_seconds_sum	34.60908772799986
1786677214	juicefs_fuse_ops_total_write	29977
1786677214	juicefs_object_request_durations_histogram_seconds_PUT_total	101790
1786677214	juicefs_used_buffer_size_bytes	3407872
1786677215	juicefs_fuse_ops_durations_histogram_seconds_total	32529
1786677215	juicefs_fuse_ops_durations_histogram_seconds_sum	35.54095578799981
1786677215	juicefs_fuse_ops_total_write	30864
1786677215	juicefs_object_request_durations_histogram_seconds_PUT_total	103587
1786677215	juicefs_used_buffer_size_bytes	2883584
1786677216	juicefs_fuse_ops_durations_histogram_seconds_total	33439
1786677216	juicefs_fuse_ops_durations_histogram_seconds_sum	36.530557738999825
1786677216	juicefs_fuse_ops_total_write	31613
1786677216	juicefs_object_request_durations_histogram_seconds_PUT_total	107437
1786677216	juicefs_used_buffer_size_bytes	3407872
1786677217	juicefs_fuse_ops_durations_histogram_seconds_total	34481
1786677217	juicefs_fuse_ops_durations_histogram_seconds_sum	37.44763725799992
1786677217	juicefs_fuse_ops_total_write	32644
1786677217	juicefs_object_request_durations_histogram_seconds_PUT_total	109335
1786677217	juicefs_used_buffer_size_bytes	2359296
1786677218	juicefs_fuse_ops_durations_histogram_seconds_total	35275
1786677218	juicefs_fuse_ops_durations_histogram_seconds_sum	38.38065776099995
1786677218	juicefs_fuse_ops_total_write	33427
1786677218	juicefs_object_request_durations_histogram_seconds_PUT_total	113127
1786677218	juicefs_used_buffer_size_bytes	3670016
1786677219	juicefs_fuse_ops_durations_histogram_seconds_total	36131
1786677219	juicefs_fuse_ops_durations_histogram_seconds_sum	39.314149455999896
1786677219	juicefs_fuse_ops_total_write	34271
1786677219	juicefs_object_request_durations_histogram_seconds_PUT_total	114910
1786677219	juicefs_used_buffer_size_bytes	786432
1786677220	juicefs_fuse_ops_durations_histogram_seconds_total	36887
1786677220	juicefs_fuse_ops_durations_histogram_seconds_sum	40.25197925399982
1786677220	juicefs_fuse_ops_total_write	35017
1786677220	juicefs_object_request_durations_histogram_seconds_PUT_total	118615
1786677220	juicefs_used_buffer_size_bytes	3932160
1786677221	juicefs_fuse_ops_durations_histogram_seconds_total	37924
1786677221	juicefs_fuse_ops_durations_histogram_seconds_sum	41.22243385399969
1786677221	juicefs_fuse_ops_total_write	35893
1786677221	juicefs_object_request_durations_histogram_seconds_PUT_total	120629
1786677221	juicefs_used_buffer_size_bytes	1048576
1786677222	juicefs_fuse_ops_durations_histogram_seconds_total	38930
1786677222	juicefs_fuse_ops_durations_histogram_seconds_sum	42.12858164599961
1786677222	juicefs_fuse_ops_total_write	36888
1786677222	juicefs_object_request_durations_histogram_seconds_PUT_total	124354
1786677222	juicefs_used_buffer_size_bytes	3407872
1786677223	juicefs_fuse_ops_durations_histogram_seconds_total	39761
1786677223	juicefs_fuse_ops_durations_histogram_seconds_sum	43.077609323999646
1786677223	juicefs_fuse_ops_total_write	37708
1786677223	juicefs_object_request_durations_histogram_seconds_PUT_total	126539
1786677223	juicefs_used_buffer_size_bytes	1048576
1786677224	juicefs_fuse_ops_durations_histogram_seconds_total	40568
1786677224	juicefs_fuse_ops_durations_histogram_seconds_sum	44.00505300999964
1786677224	juicefs_fuse_ops_total_write	38504
1786677224	juicefs_object_request_durations_histogram_seconds_PUT_total	129937
1786677224	juicefs_used_buffer_size_bytes	2359296
1786677225	juicefs_fuse_ops_durations_histogram_seconds_total	41396
1786677225	juicefs_fuse_ops_durations_histogram_seconds_sum	44.94760951099958
1786677225	juicefs_fuse_ops_total_write	39321
1786677225	juicefs_object_request_durations_histogram_seconds_PUT_total	132245
1786677225	juicefs_used_buffer_size_bytes	1835008
1786677226	juicefs_fuse_ops_durations_histogram_seconds_total	42427
1786677226	juicefs_fuse_ops_durations_histogram_seconds_sum	45.910625074999594
1786677226	juicefs_fuse_ops_total_write	40191
1786677226	juicefs_object_request_durations_histogram_seconds_PUT_total	135631
1786677226	juicefs_used_buffer_size_bytes	2883584
1786677227	juicefs_fuse_ops_durations_histogram_seconds_total	43374
1786677227	juicefs_fuse_ops_durations_histogram_seconds_sum	46.84678714799958
1786677227	juicefs_fuse_ops_total_write	41126
1786677227	juicefs_object_request_durations_histogram_seconds_PUT_total	138149
1786677227	juicefs_used_buffer_size_bytes	1310720
1786677228	juicefs_fuse_ops_durations_histogram_seconds_total	44230
1786677228	juicefs_fuse_ops_durations_histogram_seconds_sum	47.77507092799954
1786677228	juicefs_fuse_ops_total_write	41972
1786677228	juicefs_object_request_durations_histogram_seconds_PUT_total	141277
1786677228	juicefs_used_buffer_size_bytes	5242880
1786677229	juicefs_fuse_ops_durations_histogram_seconds_total	44962
1786677229	juicefs_fuse_ops_durations_histogram_seconds_sum	48.713871679999535
1786677229	juicefs_fuse_ops_total_write	42693
1786677229	juicefs_object_request_durations_histogram_seconds_PUT_total	143813
1786677229	juicefs_used_buffer_size_bytes	786432
1786677230	juicefs_fuse_ops_durations_histogram_seconds_total	45846
1786677230	juicefs_fuse_ops_durations_histogram_seconds_sum	49.64297003399962
1786677230	juicefs_fuse_ops_total_write	43566
1786677230	juicefs_object_request_durations_histogram_seconds_PUT_total	146526
1786677230	juicefs_used_buffer_size_bytes	5767168
1786677231	juicefs_fuse_ops_durations_histogram_seconds_total	46782
1786677231	juicefs_fuse_ops_durations_histogram_seconds_sum	50.634824699999726
1786677231	juicefs_fuse_ops_total_write	44341
1786677231	juicefs_object_request_durations_histogram_seconds_PUT_total	149555
1786677231	juicefs_used_buffer_size_bytes	1048576
1786677232	juicefs_fuse_ops_durations_histogram_seconds_total	47863
1786677232	juicefs_fuse_ops_durations_histogram_seconds_sum	51.548846996999806
1786677232	juicefs_fuse_ops_total_write	45411
1786677232	juicefs_object_request_durations_histogram_seconds_PUT_total	152103
1786677232	juicefs_used_buffer_size_bytes	4194304
1786677233	juicefs_fuse_ops_durations_histogram_seconds_total	48574
1786677233	juicefs_fuse_ops_durations_histogram_seconds_sum	52.492447128999835
1786677233	juicefs_fuse_ops_total_write	46111
1786677233	juicefs_object_request_durations_histogram_seconds_PUT_total	155359
1786677233	juicefs_used_buffer_size_bytes	1835008
1786677234	juicefs_fuse_ops_durations_histogram_seconds_total	49429
1786677234	juicefs_fuse_ops_durations_histogram_seconds_sum	53.423424923999875
1786677234	juicefs_fuse_ops_total_write	46955
1786677234	juicefs_object_request_durations_histogram_seconds_PUT_total	157304
1786677234	juicefs_used_buffer_size_bytes	3932160
1786677235	juicefs_fuse_ops_durations_histogram_seconds_total	50148
1786677235	juicefs_fuse_ops_durations_histogram_seconds_sum	54.36527965799989
1786677235	juicefs_fuse_ops_total_write	47663
1786677235	juicefs_object_request_durations_histogram_seconds_PUT_total	160923
1786677235	juicefs_used_buffer_size_bytes	1310720
1786677236	juicefs_fuse_ops_durations_histogram_seconds_total	51256
1786677236	juicefs_fuse_ops_durations_histogram_seconds_sum	55.33837656999984
1786677236	juicefs_fuse_ops_total_write	48610
1786677236	juicefs_object_request_durations_histogram_seconds_PUT_total	162786
1786677236	juicefs_used_buffer_size_bytes	786432
1786677237	juicefs_fuse_ops_durations_histogram_seconds_total	52097
1786677237	juicefs_fuse_ops_durations_histogram_seconds_sum	56.268633158999826
1786677237	juicefs_fuse_ops_total_write	49440
1786677237	juicefs_object_request_durations_histogram_seconds_PUT_total	166718
1786677237	juicefs_used_buffer_size_bytes	1572864
1786677238	juicefs_fuse_ops_durations_histogram_seconds_total	52145
1786677238	juicefs_fuse_ops_durations_histogram_seconds_sum	56.31086961699985
1786677238	juicefs_fuse_ops_total_write	49477
1786677238	juicefs_object_request_durations_histogram_seconds_PUT_total	168055
1786677238	juicefs_used_buffer_size_bytes	3407872
