path	size	sha256	command_id
logs/b-count100-u1.log	50	575e2773e425674849ba38dbaf3d85f6e86d676b47d7476df615ff013cca3c18	b-count100-u1
logs/b-count100-u2.log	50	a5408483e6949e2b1303dd3043eb2b794a4476709db4173306748bca09fd080c	b-count100-u2
logs/b-count100-u3.log	49	2aa9066afb9b81572a6fdc6b4303acd01dffa2d9a777e78affbae42e4e6ed094	b-count100-u3
logs/b-diff-check.log	0	e3b0c44298fc1c149afbf4c8996fb92427ae41e4649b934ca495991b7852b855	b-diff-check
logs/b-full-vfs.log	50	a8dc039f7a107e24aee90625d654cd18252e50b527332dd6f0292cd314ca42fa	b-full-vfs
logs/b-gofmt.log	0	e3b0c44298fc1c149afbf4c8996fb92427ae41e4649b934ca495991b7852b855	b-gofmt
logs/b-gofmt-test.log	0	e3b0c44298fc1c149afbf4c8996fb92427ae41e4649b934ca495991b7852b855	b-gofmt-test
logs/b-make-juicefs.log	223	50ee955f82b79e5b4af66e54adff59932b35c24b94f370023770cc7750c9db73	b-make-juicefs
logs/b-race20-u1.log	328	77c1957b7ac1cf60e5d38d146ce83014efa9b6279820ffed91bc118542a58478	b-race20-u1
logs/b-race20-u2.log	49	38d1c39c4bc2d1fad2608df5e504d0f392af8319c803c778ccba4873e7c6cf29	b-race20-u2
logs/b-race20-u3.log	49	baedfd10b543b386640a5d39058ba4cc130fc15d07d1313137f870293d37ef29	b-race20-u3
logs/b-single-u1.log	49	1d59f6e81de44950df10b23fe82b1dfd1763c28b40981cb7e1c02dd18bd23660	b-single-u1
logs/b-single-u2.log	49	69ca986fe7e794b835790fed5338d03169a4b9abce3a75648cd7b90115f663b2	b-single-u2
logs/b-single-u3.log	49	47809b3bea79fbdad014428b5c6c5ca8af5e332a8714a446654e638de0df0297	b-single-u3
logs/b-vet.log	0	e3b0c44298fc1c149afbf4c8996fb92427ae41e4649b934ca495991b7852b855	b-vet
logs/b-v-single-u1.log	176	8b473b91f2b20c8bd2f22a08ee58df09559cfb23e0be1a21947d99ce66b3b097	b-v-single-u1
logs/clone-B-candidate.log	83	5af28641315293758fc37626520d5576f2e4c5ac0e0a92b4af87f14249562f42	clone-B-candidate
logs/clone.log	375	85e6f087e4162c630328eeba2fc19073949b200f7bec4bdd67aa320f58632d7e	clone
logs/clone-Q-semantic.log	82	16fb089a621ca6ffa5592fb2b784eb8563c6ffb796720ff6afdc71d3eee29e80	clone-Q-semantic
logs/clone-retry1.log	143	66e11dad63b4e85557d972d8ea2bc1f824474df3b5e7ef3c46e508a297089b87	clone-retry1
logs/clone-retry2.log	79	29c0537d129988ea5d4f6185573852fa811d9a1320a1c0bb5b780260b4dc206c	clone-retry2
logs/clone-R-replay.log	80	1d11c416987bc7c954625a4f0126090e5281823d5de67a0ed3ae0c032976c811	clone-R-replay
logs/clone-S-stock.log	79	7fc661c715e2fc97e74db86d2ad27d50a5eb92aad434422263124b611f42e0ac	clone-S-stock
logs/detach-B-candidate.log	68	90b061951d09d979a2eebd0438c3797f85e20602e809309b75287bc5eb657866	detach-B-candidate
logs/detach-head.log	68	90b061951d09d979a2eebd0438c3797f85e20602e809309b75287bc5eb657866	detach-head
logs/detach-Q-semantic.log	68	90b061951d09d979a2eebd0438c3797f85e20602e809309b75287bc5eb657866	detach-Q-semantic
logs/detach-R-replay.log	68	90b061951d09d979a2eebd0438c3797f85e20602e809309b75287bc5eb657866	detach-R-replay
logs/detach-S-stock.log	68	90b061951d09d979a2eebd0438c3797f85e20602e809309b75287bc5eb657866	detach-S-stock
logs/q-count20.log	50	08fe5d833161577928779924e49828104a8334f68978624e7ff4d95176e264b5	q-count20
logs/q-gofmt-c02.log	0	e3b0c44298fc1c149afbf4c8996fb92427ae41e4649b934ca495991b7852b855	q-gofmt-c02
logs/q-race5.log	49	7d23e2e1be81b44320619290c4b02fd9beaf7f429259e03cbe8013b6254c4dc8	q-race5
logs/q-single.log	1419	d9f59a4c3c6b0bacfed81287abc0eec664e256df7ce13b5175b834750145243b	q-single
logs/r-count20-u1.log	49	f9043af6e4d1b29e4c261aa687e7a45f099007f64569ff2ef811373e5c0ce8b5	r-count20-u1
logs/r-count20-u2.log	49	4b7326c77cc340e0da7ac30d244b390f5f9258fa4bc03ecb43f9546fe5305c5a	r-count20-u2
logs/r-count20-u3.log	49	5d7bcfc221e2b8400c3272758e764a6f9a6edc203490cdd8eeea28989957c20b	r-count20-u3
logs/r-single-u1.log	49	258ddd070ea1a18215542cdb753132431173f9e4f4fd8a47b8258e464350be6a	r-single-u1
logs/r-single-u2.log	49	213f656e63ff0fb588bed57fe39a643a29fd1b07b6684df9f1cd711196fb7e90	r-single-u2
logs/r-single-u3.log	49	35f5a60ee9497dfff64cbd8548308ea705c7a71591f30a75df1cc649622f3b09	r-single-u3
logs/s-baseline-compile.log	52	aa958e1424eb5fc5cdee5240a39a26868a7446c676445e0e4a106b4960a7e402	s-baseline-compile
logs/s-gofmt-check.log	0	e3b0c44298fc1c149afbf4c8996fb92427ae41e4649b934ca495991b7852b855	s-gofmt-check
logs/s-u1-run10.log	212	6fd3711bf70924cc06c9c4e0455b54c3d2d2235ad6ccc2e7420ea18358b97209	s-u1-run10
logs/s-u1-run1.log	212	03e92bf90182eefca07cb16a3723a9f230e823183213955c88ef12d0250301c9	s-u1-run1
logs/s-u1-run2.log	212	1d6e878117c417a9f29bc35a09206bf8c3fc46e3d47d3b98a665ea5504bd645b	s-u1-run2
logs/s-u1-run3.log	212	944c5752a7416eed53eafba0260de6ff77e137c6d22f6969c159597852549c11	s-u1-run3
logs/s-u1-run4.log	212	1d6e878117c417a9f29bc35a09206bf8c3fc46e3d47d3b98a665ea5504bd645b	s-u1-run4
logs/s-u1-run5.log	212	2855fdba3b9cdea58a78acf0af2e06d079d87211bd8723d8d78bcde329dbe949	s-u1-run5
logs/s-u1-run6.log	212	944c5752a7416eed53eafba0260de6ff77e137c6d22f6969c159597852549c11	s-u1-run6
logs/s-u1-run7.log	212	98009f6c634cf1ecadda93bc46fe63abff93239027fd12df8a08828e6849834f	s-u1-run7
logs/s-u1-run8.log	212	fdb0a867f8723184dd11207da27b4b54a6c78a6e92c12e3b3d5d71589c9ce77c	s-u1-run8
logs/s-u1-run9.log	212	944c5752a7416eed53eafba0260de6ff77e137c6d22f6969c159597852549c11	s-u1-run9
logs/s-u2-single.log	543	dc9f1f4e9d225620f30d78fc9aece612d68ef1bd86611ff1aa09e0b5a2723a41	s-u2-single
logs/s-u3-run10.log	209	5432a980d86111f29f37fc0d730d6bd2892f0c44ecfa6097b8161d5d2772cab7	s-u3-run10
logs/s-u3-run1.log	209	eba7139f0e54c9e44814f42aaae081acf86f1395e85a3b316b3c10bf57236313	s-u3-run1
logs/s-u3-run2.log	209	9580b6049818392aca70eb50516dd9edfd3a7e7d04431ea7f2f334b8bc739398	s-u3-run2
logs/s-u3-run3.log	209	eba7139f0e54c9e44814f42aaae081acf86f1395e85a3b316b3c10bf57236313	s-u3-run3
logs/s-u3-run4.log	209	eba7139f0e54c9e44814f42aaae081acf86f1395e85a3b316b3c10bf57236313	s-u3-run4
logs/s-u3-run5.log	209	5432a980d86111f29f37fc0d730d6bd2892f0c44ecfa6097b8161d5d2772cab7	s-u3-run5
logs/s-u3-run6.log	209	eba7139f0e54c9e44814f42aaae081acf86f1395e85a3b316b3c10bf57236313	s-u3-run6
logs/s-u3-run7.log	209	9580b6049818392aca70eb50516dd9edfd3a7e7d04431ea7f2f334b8bc739398	s-u3-run7
logs/s-u3-run8.log	209	5432a980d86111f29f37fc0d730d6bd2892f0c44ecfa6097b8161d5d2772cab7	s-u3-run8
logs/s-u3-run9.log	209	9580b6049818392aca70eb50516dd9edfd3a7e7d04431ea7f2f334b8bc739398	s-u3-run9
rc/b-apply-check.rc	2	9a271f2a916b0b6ee6cecb2426f0b3206ef074578be55d9bc94f6f3fe3ab86aa	b-apply-check
rc/b-apply.rc	2	9a271f2a916b0b6ee6cecb2426f0b3206ef074578be55d9bc94f6f3fe3ab86aa	b-apply
rc/b-count100-u1.rc	2	9a271f2a916b0b6ee6cecb2426f0b3206ef074578be55d9bc94f6f3fe3ab86aa	b-count100-u1
rc/b-count100-u2.rc	2	9a271f2a916b0b6ee6cecb2426f0b3206ef074578be55d9bc94f6f3fe3ab86aa	b-count100-u2
rc/b-count100-u3.rc	2	9a271f2a916b0b6ee6cecb2426f0b3206ef074578be55d9bc94f6f3fe3ab86aa	b-count100-u3
rc/b-diff-check.rc	2	9a271f2a916b0b6ee6cecb2426f0b3206ef074578be55d9bc94f6f3fe3ab86aa	b-diff-check
rc/b-full-vfs.rc	2	9a271f2a916b0b6ee6cecb2426f0b3206ef074578be55d9bc94f6f3fe3ab86aa	b-full-vfs
rc/b-gofmt.rc	2	9a271f2a916b0b6ee6cecb2426f0b3206ef074578be55d9bc94f6f3fe3ab86aa	b-gofmt
rc/b-make-juicefs.rc	2	9a271f2a916b0b6ee6cecb2426f0b3206ef074578be55d9bc94f6f3fe3ab86aa	b-make-juicefs
rc/b-race20-u1.rc	2	9a271f2a916b0b6ee6cecb2426f0b3206ef074578be55d9bc94f6f3fe3ab86aa	b-race20-u1
rc/b-race20-u2.rc	2	9a271f2a916b0b6ee6cecb2426f0b3206ef074578be55d9bc94f6f3fe3ab86aa	b-race20-u2
rc/b-race20-u3.rc	2	9a271f2a916b0b6ee6cecb2426f0b3206ef074578be55d9bc94f6f3fe3ab86aa	b-race20-u3
rc/b-single-u1.rc	2	9a271f2a916b0b6ee6cecb2426f0b3206ef074578be55d9bc94f6f3fe3ab86aa	b-single-u1
rc/b-single-u2.rc	2	9a271f2a916b0b6ee6cecb2426f0b3206ef074578be55d9bc94f6f3fe3ab86aa	b-single-u2
rc/b-single-u3.rc	2	9a271f2a916b0b6ee6cecb2426f0b3206ef074578be55d9bc94f6f3fe3ab86aa	b-single-u3
rc/b-vet.rc	2	9a271f2a916b0b6ee6cecb2426f0b3206ef074578be55d9bc94f6f3fe3ab86aa	b-vet
rc/clone-B-candidate.rc	2	9a271f2a916b0b6ee6cecb2426f0b3206ef074578be55d9bc94f6f3fe3ab86aa	clone-B-candidate
rc/clone-Q-semantic.rc	2	9a271f2a916b0b6ee6cecb2426f0b3206ef074578be55d9bc94f6f3fe3ab86aa	clone-Q-semantic
rc/clone.rc	4	56292515f7d3a7110811eb8de26b3f75f82a0766aa5a1fd66ebcfcb84fe6d5ff	clone
rc/clone-retry2.rc	2	9a271f2a916b0b6ee6cecb2426f0b3206ef074578be55d9bc94f6f3fe3ab86aa	clone-retry2
rc/clone-R-replay.rc	2	9a271f2a916b0b6ee6cecb2426f0b3206ef074578be55d9bc94f6f3fe3ab86aa	clone-R-replay
rc/clone-S-stock.rc	2	9a271f2a916b0b6ee6cecb2426f0b3206ef074578be55d9bc94f6f3fe3ab86aa	clone-S-stock
rc/detach-B-candidate.rc	2	9a271f2a916b0b6ee6cecb2426f0b3206ef074578be55d9bc94f6f3fe3ab86aa	detach-B-candidate
rc/detach-head.rc	2	9a271f2a916b0b6ee6cecb2426f0b3206ef074578be55d9bc94f6f3fe3ab86aa	detach-head
rc/detach-Q-semantic.rc	2	9a271f2a916b0b6ee6cecb2426f0b3206ef074578be55d9bc94f6f3fe3ab86aa	detach-Q-semantic
rc/detach-R-replay.rc	2	9a271f2a916b0b6ee6cecb2426f0b3206ef074578be55d9bc94f6f3fe3ab86aa	detach-R-replay
rc/detach-S-stock.rc	2	9a271f2a916b0b6ee6cecb2426f0b3206ef074578be55d9bc94f6f3fe3ab86aa	detach-S-stock
rc/ls-remote-after.rc	2	9a271f2a916b0b6ee6cecb2426f0b3206ef074578be55d9bc94f6f3fe3ab86aa	ls-remote-after
rc/ls-remote-before.rc	2	9a271f2a916b0b6ee6cecb2426f0b3206ef074578be55d9bc94f6f3fe3ab86aa	ls-remote-before
rc/q-count20.rc	2	9a271f2a916b0b6ee6cecb2426f0b3206ef074578be55d9bc94f6f3fe3ab86aa	q-count20
rc/q-race5.rc	2	9a271f2a916b0b6ee6cecb2426f0b3206ef074578be55d9bc94f6f3fe3ab86aa	q-race5
rc/q-single.rc	2	9a271f2a916b0b6ee6cecb2426f0b3206ef074578be55d9bc94f6f3fe3ab86aa	q-single
rc/r-apply-check.rc	2	9a271f2a916b0b6ee6cecb2426f0b3206ef074578be55d9bc94f6f3fe3ab86aa	r-apply-check
rc/r-apply.rc	2	9a271f2a916b0b6ee6cecb2426f0b3206ef074578be55d9bc94f6f3fe3ab86aa	r-apply
rc/r-count20-u1.rc	2	9a271f2a916b0b6ee6cecb2426f0b3206ef074578be55d9bc94f6f3fe3ab86aa	r-count20-u1
rc/r-count20-u2.rc	2	9a271f2a916b0b6ee6cecb2426f0b3206ef074578be55d9bc94f6f3fe3ab86aa	r-count20-u2
rc/r-count20-u3.rc	2	9a271f2a916b0b6ee6cecb2426f0b3206ef074578be55d9bc94f6f3fe3ab86aa	r-count20-u3
rc/redis-rm.rc	2	9a271f2a916b0b6ee6cecb2426f0b3206ef074578be55d9bc94f6f3fe3ab86aa	redis-rm
rc/redis-run.rc	2	9a271f2a916b0b6ee6cecb2426f0b3206ef074578be55d9bc94f6f3fe3ab86aa	redis-run
rc/redis-stop.rc	2	9a271f2a916b0b6ee6cecb2426f0b3206ef074578be55d9bc94f6f3fe3ab86aa	redis-stop
rc/r-single-u1.rc	2	9a271f2a916b0b6ee6cecb2426f0b3206ef074578be55d9bc94f6f3fe3ab86aa	r-single-u1
rc/r-single-u2.rc	2	9a271f2a916b0b6ee6cecb2426f0b3206ef074578be55d9bc94f6f3fe3ab86aa	r-single-u2
rc/r-single-u3.rc	2	9a271f2a916b0b6ee6cecb2426f0b3206ef074578be55d9bc94f6f3fe3ab86aa	r-single-u3
rc/s-gofmt-check.rc	2	9a271f2a916b0b6ee6cecb2426f0b3206ef074578be55d9bc94f6f3fe3ab86aa	s-gofmt-check
rc/s-u1-run10.rc	2	4355a46b19d348dc2f57c046f8ef63d4538ebb936000f3c9ee954a27460dd865	s-u1-run10
rc/s-u1-run1.rc	2	4355a46b19d348dc2f57c046f8ef63d4538ebb936000f3c9ee954a27460dd865	s-u1-run1
rc/s-u1-run2.rc	2	4355a46b19d348dc2f57c046f8ef63d4538ebb936000f3c9ee954a27460dd865	s-u1-run2
rc/s-u1-run3.rc	2	4355a46b19d348dc2f57c046f8ef63d4538ebb936000f3c9ee954a27460dd865	s-u1-run3
rc/s-u1-run4.rc	2	4355a46b19d348dc2f57c046f8ef63d4538ebb936000f3c9ee954a27460dd865	s-u1-run4
rc/s-u1-run5.rc	2	4355a46b19d348dc2f57c046f8ef63d4538ebb936000f3c9ee954a27460dd865	s-u1-run5
rc/s-u1-run6.rc	2	4355a46b19d348dc2f57c046f8ef63d4538ebb936000f3c9ee954a27460dd865	s-u1-run6
rc/s-u1-run7.rc	2	4355a46b19d348dc2f57c046f8ef63d4538ebb936000f3c9ee954a27460dd865	s-u1-run7
rc/s-u1-run8.rc	2	4355a46b19d348dc2f57c046f8ef63d4538ebb936000f3c9ee954a27460dd865	s-u1-run8
rc/s-u1-run9.rc	2	4355a46b19d348dc2f57c046f8ef63d4538ebb936000f3c9ee954a27460dd865	s-u1-run9
rc/s-u2-single.rc	2	9a271f2a916b0b6ee6cecb2426f0b3206ef074578be55d9bc94f6f3fe3ab86aa	s-u2-single
rc/s-u3-run10.rc	2	4355a46b19d348dc2f57c046f8ef63d4538ebb936000f3c9ee954a27460dd865	s-u3-run10
rc/s-u3-run1.rc	2	4355a46b19d348dc2f57c046f8ef63d4538ebb936000f3c9ee954a27460dd865	s-u3-run1
rc/s-u3-run2.rc	2	4355a46b19d348dc2f57c046f8ef63d4538ebb936000f3c9ee954a27460dd865	s-u3-run2
rc/s-u3-run3.rc	2	4355a46b19d348dc2f57c046f8ef63d4538ebb936000f3c9ee954a27460dd865	s-u3-run3
rc/s-u3-run4.rc	2	4355a46b19d348dc2f57c046f8ef63d4538ebb936000f3c9ee954a27460dd865	s-u3-run4
rc/s-u3-run5.rc	2	4355a46b19d348dc2f57c046f8ef63d4538ebb936000f3c9ee954a27460dd865	s-u3-run5
rc/s-u3-run6.rc	2	4355a46b19d348dc2f57c046f8ef63d4538ebb936000f3c9ee954a27460dd865	s-u3-run6
rc/s-u3-run7.rc	2	4355a46b19d348dc2f57c046f8ef63d4538ebb936000f3c9ee954a27460dd865	s-u3-run7
rc/s-u3-run8.rc	2	4355a46b19d348dc2f57c046f8ef63d4538ebb936000f3c9ee954a27460dd865	s-u3-run8
rc/s-u3-run9.rc	2	4355a46b19d348dc2f57c046f8ef63d4538ebb936000f3c9ee954a27460dd865	s-u3-run9
artifacts/community-candidate-latest.patch	6876	c5b188451c47ca8c88b7814bf2c7ea066df77fc193442a75dfb84472bfd5b5ec	patch
diffs/b-writer-diff.patch	641	bdc1fc7873177fce500ff415fc8be5f5dab4a6f6b91c7c78ecadbe9a284c543f	patch
meta/B-before-full-vfs.txt	481	ada1d9912af6a14767ecf01d2ab216806fbcb7bd746dfaa3adb442393e3ccf0a	meta
meta/B-candidate-before.txt	300	b3b96d5eb22d1b50000be832541eb0478f618c404e4a8891022537762aa11b1f	meta
meta/B-candidate-final.txt	525	1816d8bcc97b453668c117d2530c552789a0b9ba310bf0e68e9786246fa2cfac	meta
meta/b-juicefs-file.txt	209	d29b2cc7988518d921c5f28b75177efd54b0ffd6230394c0385cef42a98c9c03	meta
meta/b-juicefs-sha256.txt	74	55ccdf5a10f37fea3756d39621499e2f27477d3046ac6ea2b31516db96bf3c55	meta
meta/b-juicefs-stat.txt	378	1c3bd6cc887664a3593fe10adbac60f36a7684635ac3206f4adea90f9e07c213	meta
meta/b-juicefs-version.txt	45	d20fb15c32593847f49a5ec14724f0212f7f531a0eb0f42fb4304c446bc2b71e	meta
meta/fetch-commit-info.txt	109	a6b43e608beb726181aabe4f8f8100e0a131509aeef7ecde0bde436a21d4950c	meta
meta/fetch-head-show.txt	238	43a3cd9c51b54bd5259584102bf0d242e428e2c3e341665bd8a8235183c077e4	meta
meta/fetch-log-5.txt	50	196c9d129207f3f03bcd3ca2fbe305f3020cfab1954f44f9c331b0e3eb4c3fab	meta
meta/F-fetch-final.txt	312	8c85790667c6984310a52f7a57f7f7f8a1b82ba8d059d74551ee4f36e6dc431c	meta
meta/F-fetch-status.txt	0	e3b0c44298fc1c149afbf4c8996fb92427ae41e4649b934ca495991b7852b855	meta
meta/LATEST_MAIN.txt	202	0f38a984409f5c66db41594d1312b2d6bba929e03c0ca800de71d4a564a8188d	meta
meta/ls-remote-after.txt	57	4d916e553d03fdaf1eb1d96bd7f7d31318de112d696e4da4703a885aa74413a9	meta
meta/ls-remote-before.txt	57	4d916e553d03fdaf1eb1d96bd7f7d31318de112d696e4da4703a885aa74413a9	meta
meta/Q-semantic-before.txt	299	b46a1a3b53e8e2bd36792dcc186fd7e6bfb293596ef539ae4345b264b36fd001	meta
meta/Q-semantic-final.txt	532	e34d8c3a593f955dd8bb3f937b338004887941476741f2607db9627ac94d479c	meta
meta/R-replay-before.txt	297	d4cd3782140e84d0e5593246e970d367a81c6da2470d8e8bec0ae916043a5c9c	meta
meta/R-replay-final.txt	522	f4184418d9c09e4ef491bc3f35c7f5c8f62cb9654756e828e8da37d06473ba39	meta
meta/S-stock-before.txt	296	6734d7ff78e0b91347abaf08f62f9e1d3a022312a20f46d3bd7a19dfab7e55aa	meta
meta/S-stock-final.txt	372	6eb533bf35571d2f7a3e54dc225f61d9fdff4c71e43c57a4f91af6629cf49584	meta
meta/writer-blob-sha.txt	41	14cc94d0df8db207459572dcfea1e356c11a784955e20e15d75b07f328eb39cd	meta
meta/writer-diff-note.txt	77	8ddde5dc548e3984b3c64007fdf19dc346b39b0d0cde01f837cb70739f799352	meta
redis/cid.txt	65	19011cf726326fefcb20c629453ba0eb0edee53dbb4e75fc3175b2c873955ee0	redis
redis/logs.txt	1155	7ae3bac2f7dd9be5217d5c54321a20ccbcdcb857beca430700b37a7dac876e33	redis
redis/pong.txt	5	9597e5d74f44f182ebb56b65a79c6b1b84829735af1ff583d44c3384d8a0a45e	redis
redis/repo-digests.txt	80	274308aaae31ecea0944cbb91840b321ce343afb5c9c9c0487befa86e6775f78	redis
redis/rm.txt	65	19011cf726326fefcb20c629453ba0eb0edee53dbb4e75fc3175b2c873955ee0	redis
redis/stop.txt	65	19011cf726326fefcb20c629453ba0eb0edee53dbb4e75fc3175b2c873955ee0	redis
redis/image-inspect.json	2213	49dff2a888ba59e5b3b0f896198952f1ce95bf996503acbde8c1d56ff80462f5	redis
redis/inspect.json	8556	ab3c82c3e243d2abcb428b360c5c18ab39c0dab3d008dd0f87e2479ba255e559	redis
redis/docker-run.log	65	19011cf726326fefcb20c629453ba0eb0edee53dbb4e75fc3175b2c873955ee0	redis
artifacts/transient-side-effects/record.txt	495	0c632b9dd7e3563d1f2f668d6fc88df8c99d9e14825823576d3c64e4582de4f3	sqlite-temp
artifacts/transient-side-effects/sqlite-wal-file-type.txt	235	bc22d110301b925e3c7984ed587b85f5be4c1e3df9764223bbd49c07249a7f5d	sqlite-temp
artifacts/transient-side-effects/sqlite-wal-sha256.txt	115	f646a5eff7964ac5ef20fcc3d79282744c9d550c9c2916a45383840320e002e9	sqlite-temp
artifacts/transient-side-effects/sqlite-wal-stat.txt	419	bd547027369b3a35bfd1eff0d69a8110b16a94d45a2d1b1a361e86c5d926a8be	sqlite-temp
artifacts/transient-side-effects/sqlite-wal-temp	155648	749091ccaa69aca013d36d41501163626bc9fff79e578a4320e60f6cdbec2206	sqlite-temp
draft-update-notes.md	2687	81835292fac28d7aa3b77e83c6628a0399b05e9a2c037109ff192b16836fcf1e	draft
community-claim.txt	1468	a9ef846ba7790ed55a7ef3d9c402a484b0caebf904a169e09a6b1a95275c82c1	draft
