arm	tool	mode	test	actual_rc	expected_run	expected_pass	actual_pass	actual_fail	bad	log
Q-semantic	go125	single	TestC02FullBlockDispatchAfterDelayedID	0	1	1	1	0	0	0	logs/go125-Q-semantic-FullBlockDispatchAfterDelayedID-single.log
Q-semantic	go125	single	TestC02MultiBlockDispatchUsesLatestLength	0	1	1	1	0	0	0	logs/go125-Q-semantic-MultiBlockDispatchUsesLatestLength-single.log
Q-semantic	go125	single	TestC02FlushToFailureIsObservable	0	1	1	1	0	0	0	logs/go125-Q-semantic-FlushToFailureIsObservable-single.log
Q-semantic	go125	single	TestC02PartialThenFullAfterIDDispatchesOnce	0	1	1	1	0	0	0	logs/go125-Q-semantic-PartialThenFullAfterIDDispatchesOnce-single.log
Q-semantic	go125	single	TestC02DelayedNewSliceDoesNotBlockWriteAt	0	1	1	1	0	0	0	logs/go125-Q-semantic-DelayedNewSliceDoesNotBlockWriteAt-single.log
Q-semantic	go125	single	TestC02NonEIONewSliceDoesNotRetryBeforeFlush	0	1	1	1	0	0	0	logs/go125-Q-semantic-NonEIONewSliceDoesNotRetryBeforeFlush-single.log
Q-semantic	go125	single	TestC02TransientEIORecoversOnFreeze	0	1	1	1	0	0	0	logs/go125-Q-semantic-TransientEIORecoversOnFreeze-single.log
Q-semantic	go125	single	TestC02PermanentENOSPCAbortsFrozenSlice	0	1	1	1	0	0	0	logs/go125-Q-semantic-PermanentENOSPCAbortsFrozenSlice-single.log
Q-semantic	go125	single	TestC02FrozenSliceSkipsCatchupFlush	0	1	1	1	0	0	0	logs/go125-Q-semantic-FrozenSliceSkipsCatchupFlush-single.log
Q-semantic	go125	single	TestC02ConcurrentIndependentFullBlocks	0	1	1	1	0	0	0	logs/go125-Q-semantic-ConcurrentIndependentFullBlocks-single.log
Q-semantic	go125	count100	TestC02FullBlockDispatchAfterDelayedID	0	100	100	100	0	0	logs/go125-Q-semantic-count100.log
Q-semantic	go125	count100	TestC02MultiBlockDispatchUsesLatestLength	0	100	100	100	0	0	logs/go125-Q-semantic-count100.log
Q-semantic	go125	count100	TestC02FlushToFailureIsObservable	0	100	100	100	0	0	logs/go125-Q-semantic-count100.log
Q-semantic	go125	count100	TestC02PartialThenFullAfterIDDispatchesOnce	0	100	100	100	0	0	logs/go125-Q-semantic-count100.log
Q-semantic	go125	count100	TestC02DelayedNewSliceDoesNotBlockWriteAt	0	100	100	100	0	0	logs/go125-Q-semantic-count100.log
Q-semantic	go125	count100	TestC02NonEIONewSliceDoesNotRetryBeforeFlush	0	100	100	100	0	0	logs/go125-Q-semantic-count100.log
Q-semantic	go125	count100	TestC02TransientEIORecoversOnFreeze	0	100	100	100	0	0	logs/go125-Q-semantic-count100.log
Q-semantic	go125	count100	TestC02PermanentENOSPCAbortsFrozenSlice	0	100	100	100	0	0	logs/go125-Q-semantic-count100.log
Q-semantic	go125	count100	TestC02FrozenSliceSkipsCatchupFlush	0	100	100	100	0	0	logs/go125-Q-semantic-count100.log
Q-semantic	go125	count100	TestC02ConcurrentIndependentFullBlocks	0	100	100	100	0	0	logs/go125-Q-semantic-count100.log
Q-semantic	go125	race20	TestC02FullBlockDispatchAfterDelayedID	0	20	20	20	0	0	logs/go125-Q-semantic-race20.log
Q-semantic	go125	race20	TestC02MultiBlockDispatchUsesLatestLength	0	20	20	20	0	0	logs/go125-Q-semantic-race20.log
Q-semantic	go125	race20	TestC02FlushToFailureIsObservable	0	20	20	20	0	0	logs/go125-Q-semantic-race20.log
Q-semantic	go125	race20	TestC02PartialThenFullAfterIDDispatchesOnce	0	20	20	20	0	0	logs/go125-Q-semantic-race20.log
Q-semantic	go125	race20	TestC02DelayedNewSliceDoesNotBlockWriteAt	0	20	20	20	0	0	logs/go125-Q-semantic-race20.log
Q-semantic	go125	race20	TestC02NonEIONewSliceDoesNotRetryBeforeFlush	0	20	20	20	0	0	logs/go125-Q-semantic-race20.log
Q-semantic	go125	race20	TestC02TransientEIORecoversOnFreeze	0	20	20	20	0	0	logs/go125-Q-semantic-race20.log
Q-semantic	go125	race20	TestC02PermanentENOSPCAbortsFrozenSlice	0	20	20	20	0	0	logs/go125-Q-semantic-race20.log
Q-semantic	go125	race20	TestC02FrozenSliceSkipsCatchupFlush	0	20	20	20	0	0	logs/go125-Q-semantic-race20.log
Q-semantic	go125	race20	TestC02ConcurrentIndependentFullBlocks	0	20	20	20	0	0	logs/go125-Q-semantic-race20.log
Q-semantic	go126	single	TestC02FullBlockDispatchAfterDelayedID	0	1	1	1	0	0	0	logs/go126-Q-semantic-FullBlockDispatchAfterDelayedID-single.log
Q-semantic	go126	single	TestC02MultiBlockDispatchUsesLatestLength	0	1	1	1	0	0	0	logs/go126-Q-semantic-MultiBlockDispatchUsesLatestLength-single.log
Q-semantic	go126	single	TestC02FlushToFailureIsObservable	0	1	1	1	0	0	0	logs/go126-Q-semantic-FlushToFailureIsObservable-single.log
Q-semantic	go126	single	TestC02PartialThenFullAfterIDDispatchesOnce	0	1	1	1	0	0	0	logs/go126-Q-semantic-PartialThenFullAfterIDDispatchesOnce-single.log
Q-semantic	go126	single	TestC02DelayedNewSliceDoesNotBlockWriteAt	0	1	1	1	0	0	0	logs/go126-Q-semantic-DelayedNewSliceDoesNotBlockWriteAt-single.log
Q-semantic	go126	single	TestC02NonEIONewSliceDoesNotRetryBeforeFlush	0	1	1	1	0	0	0	logs/go126-Q-semantic-NonEIONewSliceDoesNotRetryBeforeFlush-single.log
Q-semantic	go126	single	TestC02TransientEIORecoversOnFreeze	0	1	1	1	0	0	0	logs/go126-Q-semantic-TransientEIORecoversOnFreeze-single.log
Q-semantic	go126	single	TestC02PermanentENOSPCAbortsFrozenSlice	0	1	1	1	0	0	0	logs/go126-Q-semantic-PermanentENOSPCAbortsFrozenSlice-single.log
Q-semantic	go126	single	TestC02FrozenSliceSkipsCatchupFlush	0	1	1	1	0	0	0	logs/go126-Q-semantic-FrozenSliceSkipsCatchupFlush-single.log
Q-semantic	go126	single	TestC02ConcurrentIndependentFullBlocks	0	1	1	1	0	0	0	logs/go126-Q-semantic-ConcurrentIndependentFullBlocks-single.log
Q-semantic	go126	count100	TestC02FullBlockDispatchAfterDelayedID	0	100	100	100	0	0	logs/go126-Q-semantic-count100.log
Q-semantic	go126	count100	TestC02MultiBlockDispatchUsesLatestLength	0	100	100	100	0	0	logs/go126-Q-semantic-count100.log
Q-semantic	go126	count100	TestC02FlushToFailureIsObservable	0	100	100	100	0	0	logs/go126-Q-semantic-count100.log
Q-semantic	go126	count100	TestC02PartialThenFullAfterIDDispatchesOnce	0	100	100	100	0	0	logs/go126-Q-semantic-count100.log
Q-semantic	go126	count100	TestC02DelayedNewSliceDoesNotBlockWriteAt	0	100	100	100	0	0	logs/go126-Q-semantic-count100.log
Q-semantic	go126	count100	TestC02NonEIONewSliceDoesNotRetryBeforeFlush	0	100	100	100	0	0	logs/go126-Q-semantic-count100.log
Q-semantic	go126	count100	TestC02TransientEIORecoversOnFreeze	0	100	100	100	0	0	logs/go126-Q-semantic-count100.log
Q-semantic	go126	count100	TestC02PermanentENOSPCAbortsFrozenSlice	0	100	100	100	0	0	logs/go126-Q-semantic-count100.log
Q-semantic	go126	count100	TestC02FrozenSliceSkipsCatchupFlush	0	100	100	100	0	0	logs/go126-Q-semantic-count100.log
Q-semantic	go126	count100	TestC02ConcurrentIndependentFullBlocks	0	100	100	100	0	0	logs/go126-Q-semantic-count100.log
Q-semantic	go126	race20	TestC02FullBlockDispatchAfterDelayedID	0	20	20	20	0	0	logs/go126-Q-semantic-race20.log
Q-semantic	go126	race20	TestC02MultiBlockDispatchUsesLatestLength	0	20	20	20	0	0	logs/go126-Q-semantic-race20.log
Q-semantic	go126	race20	TestC02FlushToFailureIsObservable	0	20	20	20	0	0	logs/go126-Q-semantic-race20.log
Q-semantic	go126	race20	TestC02PartialThenFullAfterIDDispatchesOnce	0	20	20	20	0	0	logs/go126-Q-semantic-race20.log
Q-semantic	go126	race20	TestC02DelayedNewSliceDoesNotBlockWriteAt	0	20	20	20	0	0	logs/go126-Q-semantic-race20.log
Q-semantic	go126	race20	TestC02NonEIONewSliceDoesNotRetryBeforeFlush	0	20	20	20	0	0	logs/go126-Q-semantic-race20.log
Q-semantic	go126	race20	TestC02TransientEIORecoversOnFreeze	0	20	20	20	0	0	logs/go126-Q-semantic-race20.log
Q-semantic	go126	race20	TestC02PermanentENOSPCAbortsFrozenSlice	0	20	20	20	0	0	logs/go126-Q-semantic-race20.log
Q-semantic	go126	race20	TestC02FrozenSliceSkipsCatchupFlush	0	20	20	20	0	0	logs/go126-Q-semantic-race20.log
Q-semantic	go126	race20	TestC02ConcurrentIndependentFullBlocks	0	20	20	20	0	0	logs/go126-Q-semantic-race20.log
