1786701247	juicefs_fuse_ops_durations_histogram_seconds_total	187
1786701247	juicefs_fuse_ops_durations_histogram_seconds_sum	0.062677534
1786701247	juicefs_used_buffer_size_bytes	0
1786701248	juicefs_fuse_ops_durations_histogram_seconds_total	8193
1786701248	juicefs_fuse_ops_durations_histogram_seconds_sum	37.08563921699998
1786701248	juicefs_object_request_durations_histogram_seconds_PUT_total	6971
1786701248	juicefs_object_request_durations_histogram_seconds_PUT_sum	60.352322938
1786701248	juicefs_used_buffer_size_bytes	307691520
1786701249	juicefs_fuse_ops_durations_histogram_seconds_total	26419
1786701249	juicefs_fuse_ops_durations_histogram_seconds_sum	147.52606140300045
1786701249	juicefs_object_request_durations_histogram_seconds_PUT_total	26502
1786701249	juicefs_object_request_durations_histogram_seconds_PUT_sum	211.75281485200088
1786701249	juicefs_used_buffer_size_bytes	311951360
1786701250	juicefs_fuse_ops_durations_histogram_seconds_total	45377
1786701250	juicefs_fuse_ops_durations_histogram_seconds_sum	255.2470564150013
1786701250	juicefs_object_request_durations_histogram_seconds_PUT_total	46255
1786701250	juicefs_object_request_durations_histogram_seconds_PUT_sum	364.98669361900016
1786701250	juicefs_used_buffer_size_bytes	318504960
1786701251	juicefs_fuse_ops_durations_histogram_seconds_total	63706
1786701251	juicefs_fuse_ops_durations_histogram_seconds_sum	359.00239969299764
1786701251	juicefs_object_request_durations_histogram_seconds_PUT_total	65266
1786701251	juicefs_object_request_durations_histogram_seconds_PUT_sum	515.6515663149993
1786701251	juicefs_used_buffer_size_bytes	315359232
1786701252	juicefs_fuse_ops_durations_histogram_seconds_total	77858
1786701252	juicefs_fuse_ops_durations_histogram_seconds_sum	479.5261992349982
1786701252	juicefs_object_request_durations_histogram_seconds_PUT_total	81185
1786701252	juicefs_object_request_durations_histogram_seconds_PUT_sum	666.050924258994
1786701252	juicefs_used_buffer_size_bytes	350224384
1786701253	juicefs_fuse_ops_durations_histogram_seconds_total	92759
1786701253	juicefs_fuse_ops_durations_histogram_seconds_sum	597.6525926729985
1786701253	juicefs_object_request_durations_histogram_seconds_PUT_total	96569
1786701253	juicefs_object_request_durations_histogram_seconds_PUT_sum	817.0227532829899
1786701253	juicefs_used_buffer_size_bytes	315359232
1786701254	juicefs_fuse_ops_durations_histogram_seconds_total	106054
1786701254	juicefs_fuse_ops_durations_histogram_seconds_sum	720.6244771480034
1786701254	juicefs_object_request_durations_histogram_seconds_PUT_total	111066
1786701254	juicefs_object_request_durations_histogram_seconds_PUT_sum	967.582456705987
1786701254	juicefs_used_buffer_size_bytes	353894400
1786701255	juicefs_fuse_ops_durations_histogram_seconds_total	123698
1786701255	juicefs_fuse_ops_durations_histogram_seconds_sum	831.9385811330048
1786701255	juicefs_object_request_durations_histogram_seconds_PUT_total	129967
1786701255	juicefs_object_request_durations_histogram_seconds_PUT_sum	1118.360047676988
1786701255	juicefs_used_buffer_size_bytes	298582016
1786701256	juicefs_fuse_ops_durations_histogram_seconds_total	141936
1786701256	juicefs_fuse_ops_durations_histogram_seconds_sum	945.0998389660085
1786701256	juicefs_object_request_durations_histogram_seconds_PUT_total	148560
1786701256	juicefs_object_request_durations_histogram_seconds_PUT_sum	1268.6444394969894
1786701256	juicefs_used_buffer_size_bytes	320077824
1786701257	juicefs_fuse_ops_durations_histogram_seconds_total	158366
1786701257	juicefs_fuse_ops_durations_histogram_seconds_sum	1058.1474315120122
1786701257	juicefs_object_request_durations_histogram_seconds_PUT_total	166414
1786701257	juicefs_object_request_durations_histogram_seconds_PUT_sum	1419.7051247739976
1786701257	juicefs_used_buffer_size_bytes	315359232
1786701258	juicefs_fuse_ops_durations_histogram_seconds_total	174472
1786701258	juicefs_fuse_ops_durations_histogram_seconds_sum	1170.0509529060034
1786701258	juicefs_object_request_durations_histogram_seconds_PUT_total	183536
1786701258	juicefs_object_request_durations_histogram_seconds_PUT_sum	1570.4113665119983
1786701258	juicefs_used_buffer_size_bytes	312213504
1786701259	juicefs_fuse_ops_durations_histogram_seconds_total	187650
1786701259	juicefs_fuse_ops_durations_histogram_seconds_sum	1290.3899280929986
1786701259	juicefs_object_request_durations_histogram_seconds_PUT_total	197843
1786701259	juicefs_object_request_durations_histogram_seconds_PUT_sum	1720.076726488004
1786701259	juicefs_used_buffer_size_bytes	173015040
1786701260	juicefs_fuse_ops_durations_histogram_seconds_total	192826
1786701260	juicefs_fuse_ops_durations_histogram_seconds_sum	1419.1968556070008
1786701260	juicefs_object_request_durations_histogram_seconds_PUT_total	205729
1786701260	juicefs_object_request_durations_histogram_seconds_PUT_sum	1753.1652941140105
1786701260	juicefs_used_buffer_size_bytes	11272192
1786701261	juicefs_fuse_ops_durations_histogram_seconds_total	196862
1786701261	juicefs_fuse_ops_durations_histogram_seconds_sum	1545.6119235329977
1786701261	juicefs_object_request_durations_histogram_seconds_PUT_total	212334
1786701261	juicefs_object_request_durations_histogram_seconds_PUT_sum	1766.3147409680005
1786701261	juicefs_used_buffer_size_bytes	10747904
1786701262	juicefs_fuse_ops_durations_histogram_seconds_total	201429
1786701262	juicefs_fuse_ops_durations_histogram_seconds_sum	1675.0912039119994
1786701262	juicefs_object_request_durations_histogram_seconds_PUT_total	218675
1786701262	juicefs_object_request_durations_histogram_seconds_PUT_sum	1780.1925446060106
1786701262	juicefs_used_buffer_size_bytes	11534336
1786701263	juicefs_fuse_ops_durations_histogram_seconds_total	205740
1786701263	juicefs_fuse_ops_durations_histogram_seconds_sum	1801.1538757120018
1786701263	juicefs_object_request_durations_histogram_seconds_PUT_total	224972
1786701263	juicefs_object_request_durations_histogram_seconds_PUT_sum	1792.3666607710088
1786701263	juicefs_used_buffer_size_bytes	10485760
1786701264	juicefs_fuse_ops_durations_histogram_seconds_total	211621
1786701264	juicefs_fuse_ops_durations_histogram_seconds_sum	1932.929093469998
1786701264	juicefs_object_request_durations_histogram_seconds_PUT_total	233166
1786701264	juicefs_object_request_durations_histogram_seconds_PUT_sum	1810.5862238530099
1786701264	juicefs_used_buffer_size_bytes	14155776
1786701265	juicefs_fuse_ops_durations_histogram_seconds_total	216478
1786701265	juicefs_fuse_ops_durations_histogram_seconds_sum	2059.252819042996
1786701265	juicefs_object_request_durations_histogram_seconds_PUT_total	240285
1786701265	juicefs_object_request_durations_histogram_seconds_PUT_sum	1825.0340747609978
1786701265	juicefs_used_buffer_size_bytes	11272192
1786701266	juicefs_fuse_ops_durations_histogram_seconds_total	220268
1786701266	juicefs_fuse_ops_durations_histogram_seconds_sum	2184.230681665989
1786701266	juicefs_object_request_durations_histogram_seconds_PUT_total	246788
1786701266	juicefs_object_request_durations_histogram_seconds_PUT_sum	1837.1880207899987
1786701266	juicefs_used_buffer_size_bytes	13893632
1786701267	juicefs_fuse_ops_durations_histogram_seconds_total	223918
1786701267	juicefs_fuse_ops_durations_histogram_seconds_sum	2311.8756798959757
1786701267	juicefs_object_request_durations_histogram_seconds_PUT_total	252671
1786701267	juicefs_object_request_durations_histogram_seconds_PUT_sum	1848.4542871209974
1786701267	juicefs_used_buffer_size_bytes	13369344
1786701268	juicefs_fuse_ops_durations_histogram_seconds_total	227398
1786701268	juicefs_fuse_ops_durations_histogram_seconds_sum	2444.397568653975
1786701268	juicefs_object_request_durations_histogram_seconds_PUT_total	258151
1786701268	juicefs_object_request_durations_histogram_seconds_PUT_sum	1858.9172860170024
1786701268	juicefs_used_buffer_size_bytes	15204352
1786701269	juicefs_fuse_ops_durations_histogram_seconds_total	231142
1786701269	juicefs_fuse_ops_durations_histogram_seconds_sum	2573.263539111978
1786701269	juicefs_object_request_durations_histogram_seconds_PUT_total	263769
1786701269	juicefs_object_request_durations_histogram_seconds_PUT_sum	1870.2427747700062
1786701269	juicefs_used_buffer_size_bytes	10223616
1786701270	juicefs_fuse_ops_durations_histogram_seconds_total	235350
1786701270	juicefs_fuse_ops_durations_histogram_seconds_sum	2698.3866928479665
1786701270	juicefs_object_request_durations_histogram_seconds_PUT_total	268009
1786701270	juicefs_object_request_durations_histogram_seconds_PUT_sum	1878.716921176012
1786701270	juicefs_used_buffer_size_bytes	8912896
1786701271	juicefs_fuse_ops_durations_histogram_seconds_total	239560
1786701271	juicefs_fuse_ops_durations_histogram_seconds_sum	2827.773456108956
1786701271	juicefs_object_request_durations_histogram_seconds_PUT_total	272277
1786701271	juicefs_object_request_durations_histogram_seconds_PUT_sum	1887.1054977590038
1786701271	juicefs_used_buffer_size_bytes	8650752
1786701272	juicefs_fuse_ops_durations_histogram_seconds_total	242890
1786701272	juicefs_fuse_ops_durations_histogram_seconds_sum	2954.1794809039493
1786701272	juicefs_object_request_durations_histogram_seconds_PUT_total	275597
1786701272	juicefs_object_request_durations_histogram_seconds_PUT_sum	1893.4630398270092
1786701272	juicefs_used_buffer_size_bytes	8388608
1786701273	juicefs_fuse_ops_durations_histogram_seconds_total	248821
1786701273	juicefs_fuse_ops_durations_histogram_seconds_sum	3083.6077056119307
1786701273	juicefs_object_request_durations_histogram_seconds_PUT_total	281489
1786701273	juicefs_object_request_durations_histogram_seconds_PUT_sum	1905.2863696150132
1786701273	juicefs_used_buffer_size_bytes	15990784
1786701274	juicefs_fuse_ops_durations_histogram_seconds_total	254590
1786701274	juicefs_fuse_ops_durations_histogram_seconds_sum	3207.2840134219296
1786701274	juicefs_object_request_durations_histogram_seconds_PUT_total	287275
1786701274	juicefs_object_request_durations_histogram_seconds_PUT_sum	1917.3703425670067
1786701274	juicefs_used_buffer_size_bytes	8388608
1786701275	juicefs_fuse_ops_durations_histogram_seconds_total	259208
1786701275	juicefs_fuse_ops_durations_histogram_seconds_sum	3335.5526055149207
1786701275	juicefs_object_request_durations_histogram_seconds_PUT_total	291988
1786701275	juicefs_object_request_durations_histogram_seconds_PUT_sum	1926.414875258013
1786701275	juicefs_used_buffer_size_bytes	8388608
1786701276	juicefs_fuse_ops_durations_histogram_seconds_total	264750
1786701276	juicefs_fuse_ops_durations_histogram_seconds_sum	3465.987712381932
1786701276	juicefs_object_request_durations_histogram_seconds_PUT_total	297519
1786701276	juicefs_object_request_durations_histogram_seconds_PUT_sum	1937.2381132100124
1786701276	juicefs_used_buffer_size_bytes	8388608
1786701277	juicefs_fuse_ops_durations_histogram_seconds_total	269877
1786701277	juicefs_fuse_ops_durations_histogram_seconds_sum	3590.5360250529293
1786701277	juicefs_object_request_durations_histogram_seconds_PUT_total	302634
1786701277	juicefs_object_request_durations_histogram_seconds_PUT_sum	1948.1423133580079
1786701277	juicefs_used_buffer_size_bytes	8912896
1786701278	juicefs_fuse_ops_durations_histogram_seconds_total	273044
1786701278	juicefs_fuse_ops_durations_histogram_seconds_sum	3721.6160348369235
1786701278	juicefs_object_request_durations_histogram_seconds_PUT_total	306016
1786701278	juicefs_object_request_durations_histogram_seconds_PUT_sum	1954.0057507000101
1786701278	juicefs_used_buffer_size_bytes	16515072
1786701279	juicefs_fuse_ops_durations_histogram_seconds_total	275968
1786701279	juicefs_fuse_ops_durations_histogram_seconds_sum	3848.4812288719295
1786701279	juicefs_object_request_durations_histogram_seconds_PUT_total	308960
1786701279	juicefs_object_request_durations_histogram_seconds_PUT_sum	1959.951190592011
1786701279	juicefs_used_buffer_size_bytes	8388608
1786701280	juicefs_fuse_ops_durations_histogram_seconds_total	279870
1786701280	juicefs_fuse_ops_durations_histogram_seconds_sum	3974.9620121679077
1786701280	juicefs_object_request_durations_histogram_seconds_PUT_total	313213
1786701280	juicefs_object_request_durations_histogram_seconds_PUT_sum	1968.2186628870131
1786701280	juicefs_used_buffer_size_bytes	8388608
1786701281	juicefs_fuse_ops_durations_histogram_seconds_total	282608
1786701281	juicefs_fuse_ops_durations_histogram_seconds_sum	4103.592068828916
1786701281	juicefs_object_request_durations_histogram_seconds_PUT_total	315929
1786701281	juicefs_object_request_durations_histogram_seconds_PUT_sum	1973.2124368630152
1786701281	juicefs_used_buffer_size_bytes	11272192
1786701282	juicefs_fuse_ops_durations_histogram_seconds_total	285219
1786701282	juicefs_fuse_ops_durations_histogram_seconds_sum	4230.242623649904
1786701282	juicefs_object_request_durations_histogram_seconds_PUT_total	318537
1786701282	juicefs_object_request_durations_histogram_seconds_PUT_sum	1977.4982294780214
1786701282	juicefs_used_buffer_size_bytes	9175040
1786701283	juicefs_fuse_ops_durations_histogram_seconds_total	289874
1786701283	juicefs_fuse_ops_durations_histogram_seconds_sum	4357.563519394929
1786701283	juicefs_object_request_durations_histogram_seconds_PUT_total	323180
1786701283	juicefs_object_request_durations_histogram_seconds_PUT_sum	1987.6139724210211
1786701283	juicefs_used_buffer_size_bytes	9699328
1786701284	juicefs_fuse_ops_durations_histogram_seconds_total	294725
1786701284	juicefs_fuse_ops_durations_histogram_seconds_sum	4483.863319125942
1786701284	juicefs_object_request_durations_histogram_seconds_PUT_total	328023
1786701284	juicefs_object_request_durations_histogram_seconds_PUT_sum	1997.631042473021
1786701284	juicefs_used_buffer_size_bytes	8388608
1786701285	juicefs_fuse_ops_durations_histogram_seconds_total	300024
1786701285	juicefs_fuse_ops_durations_histogram_seconds_sum	4611.028858490951
1786701285	juicefs_object_request_durations_histogram_seconds_PUT_total	334308
1786701285	juicefs_object_request_durations_histogram_seconds_PUT_sum	2010.8007474870274
1786701285	juicefs_used_buffer_size_bytes	14155776
1786701286	juicefs_fuse_ops_durations_histogram_seconds_total	305020
1786701286	juicefs_fuse_ops_durations_histogram_seconds_sum	4736.556961944952
1786701286	juicefs_object_request_durations_histogram_seconds_PUT_total	339879
1786701286	juicefs_object_request_durations_histogram_seconds_PUT_sum	2021.8587646440274
1786701286	juicefs_used_buffer_size_bytes	10223616
1786701287	juicefs_fuse_ops_durations_histogram_seconds_total	309869
1786701287	juicefs_fuse_ops_durations_histogram_seconds_sum	4860.6887001379655
1786701287	juicefs_object_request_durations_histogram_seconds_PUT_total	344772
1786701287	juicefs_object_request_durations_histogram_seconds_PUT_sum	2031.3647566770228
1786701287	juicefs_used_buffer_size_bytes	9699328
1786701288	juicefs_fuse_ops_durations_histogram_seconds_total	313254
1786701288	juicefs_fuse_ops_durations_histogram_seconds_sum	4989.034885796961
1786701288	juicefs_object_request_durations_histogram_seconds_PUT_total	348130
1786701288	juicefs_object_request_durations_histogram_seconds_PUT_sum	2037.4206205380199
1786701288	juicefs_used_buffer_size_bytes	14155776
1786701289	juicefs_fuse_ops_durations_histogram_seconds_total	316255
1786701289	juicefs_fuse_ops_durations_histogram_seconds_sum	5114.525165370973
1786701289	juicefs_object_request_durations_histogram_seconds_PUT_total	351141
1786701289	juicefs_object_request_durations_histogram_seconds_PUT_sum	2042.5964851950184
1786701289	juicefs_used_buffer_size_bytes	8388608
1786701290	juicefs_fuse_ops_durations_histogram_seconds_total	320563
1786701290	juicefs_fuse_ops_durations_histogram_seconds_sum	5244.277819011988
1786701290	juicefs_object_request_durations_histogram_seconds_PUT_total	355287
1786701290	juicefs_object_request_durations_histogram_seconds_PUT_sum	2051.8567287350306
1786701290	juicefs_used_buffer_size_bytes	8650752
1786701291	juicefs_fuse_ops_durations_histogram_seconds_total	325000
1786701291	juicefs_fuse_ops_durations_histogram_seconds_sum	5368.8393959629975
1786701291	juicefs_object_request_durations_histogram_seconds_PUT_total	359720
1786701291	juicefs_object_request_durations_histogram_seconds_PUT_sum	2060.525258866042
1786701291	juicefs_used_buffer_size_bytes	8912896
1786701292	juicefs_fuse_ops_durations_histogram_seconds_total	331136
1786701292	juicefs_fuse_ops_durations_histogram_seconds_sum	5496.115671331
1786701292	juicefs_object_request_durations_histogram_seconds_PUT_total	366068
1786701292	juicefs_object_request_durations_histogram_seconds_PUT_sum	2074.68267110904
1786701292	juicefs_used_buffer_size_bytes	11534336
1786701294	juicefs_fuse_ops_durations_histogram_seconds_total	337490
1786701294	juicefs_fuse_ops_durations_histogram_seconds_sum	5620.306564161978
1786701294	juicefs_object_request_durations_histogram_seconds_PUT_total	372690
1786701294	juicefs_object_request_durations_histogram_seconds_PUT_sum	2087.844739162058
1786701294	juicefs_used_buffer_size_bytes	9437184
1786701295	juicefs_fuse_ops_durations_histogram_seconds_total	343581
1786701295	juicefs_fuse_ops_durations_histogram_seconds_sum	5751.142004316935
1786701295	juicefs_object_request_durations_histogram_seconds_PUT_total	378765
1786701295	juicefs_object_request_durations_histogram_seconds_PUT_sum	2098.5984960220608
1786701295	juicefs_used_buffer_size_bytes	10223616
1786701296	juicefs_fuse_ops_durations_histogram_seconds_total	348715
1786701296	juicefs_fuse_ops_durations_histogram_seconds_sum	5877.361141853933
1786701296	juicefs_object_request_durations_histogram_seconds_PUT_total	384138
1786701296	juicefs_object_request_durations_histogram_seconds_PUT_sum	2109.9476165750616
1786701296	juicefs_used_buffer_size_bytes	17039360
1786701297	juicefs_fuse_ops_durations_histogram_seconds_total	351770
1786701297	juicefs_fuse_ops_durations_histogram_seconds_sum	5997.836472136945
1786701297	juicefs_object_request_durations_histogram_seconds_PUT_total	387303
1786701297	juicefs_object_request_durations_histogram_seconds_PUT_sum	2115.426968174066
1786701297	juicefs_used_buffer_size_bytes	8388608
1786701298	juicefs_fuse_ops_durations_histogram_seconds_total	355070
1786701298	juicefs_fuse_ops_durations_histogram_seconds_sum	6147.515211548923
1786701298	juicefs_object_request_durations_histogram_seconds_PUT_total	391096
1786701298	juicefs_object_request_durations_histogram_seconds_PUT_sum	2122.2773073490534
1786701298	juicefs_used_buffer_size_bytes	14417920
1786701299	juicefs_fuse_ops_durations_histogram_seconds_total	358341
1786701299	juicefs_fuse_ops_durations_histogram_seconds_sum	6274.519060704937
1786701299	juicefs_object_request_durations_histogram_seconds_PUT_total	394364
1786701299	juicefs_object_request_durations_histogram_seconds_PUT_sum	2129.161530202043
1786701299	juicefs_used_buffer_size_bytes	8388608
1786701300	juicefs_fuse_ops_durations_histogram_seconds_total	362175
1786701300	juicefs_fuse_ops_durations_histogram_seconds_sum	6396.681057667941
1786701300	juicefs_object_request_durations_histogram_seconds_PUT_total	398443
1786701300	juicefs_object_request_durations_histogram_seconds_PUT_sum	2137.3167085670584
1786701300	juicefs_used_buffer_size_bytes	8388608
1786701301	juicefs_fuse_ops_durations_histogram_seconds_total	365822
1786701301	juicefs_fuse_ops_durations_histogram_seconds_sum	6526.190340932948
1786701301	juicefs_object_request_durations_histogram_seconds_PUT_total	401929
1786701301	juicefs_object_request_durations_histogram_seconds_PUT_sum	2144.1162937740537
1786701301	juicefs_used_buffer_size_bytes	8388608
1786701302	juicefs_fuse_ops_durations_histogram_seconds_total	368991
1786701302	juicefs_fuse_ops_durations_histogram_seconds_sum	6654.092521742946
1786701302	juicefs_object_request_durations_histogram_seconds_PUT_total	405087
1786701302	juicefs_object_request_durations_histogram_seconds_PUT_sum	2150.5272959130384
1786701302	juicefs_used_buffer_size_bytes	8388608
1786701303	juicefs_fuse_ops_durations_histogram_seconds_total	371655
1786701303	juicefs_fuse_ops_durations_histogram_seconds_sum	6779.270025609956
1786701303	juicefs_object_request_durations_histogram_seconds_PUT_total	407734
1786701303	juicefs_object_request_durations_histogram_seconds_PUT_sum	2156.044751205043
1786701303	juicefs_used_buffer_size_bytes	9961472
1786701304	juicefs_fuse_ops_durations_histogram_seconds_total	374891
1786701304	juicefs_fuse_ops_durations_histogram_seconds_sum	6905.4795005589685
1786701304	juicefs_object_request_durations_histogram_seconds_PUT_total	410958
1786701304	juicefs_object_request_durations_histogram_seconds_PUT_sum	2162.1260876450456
1786701304	juicefs_used_buffer_size_bytes	10485760
1786701305	juicefs_fuse_ops_durations_histogram_seconds_total	378999
1786701305	juicefs_fuse_ops_durations_histogram_seconds_sum	7034.726344469963
1786701305	juicefs_object_request_durations_histogram_seconds_PUT_total	415061
1786701305	juicefs_object_request_durations_histogram_seconds_PUT_sum	2170.6845298080375
1786701305	juicefs_used_buffer_size_bytes	8650752
1786701306	juicefs_fuse_ops_durations_histogram_seconds_total	384502
1786701306	juicefs_fuse_ops_durations_histogram_seconds_sum	7158.848492043966
1786701306	juicefs_object_request_durations_histogram_seconds_PUT_total	421161
1786701306	juicefs_object_request_durations_histogram_seconds_PUT_sum	2183.294671432042
1786701306	juicefs_used_buffer_size_bytes	10747904
1786701307	juicefs_fuse_ops_durations_histogram_seconds_total	391887
1786701307	juicefs_fuse_ops_durations_histogram_seconds_sum	7284.500596112931
1786701307	juicefs_object_request_durations_histogram_seconds_PUT_total	428800
1786701307	juicefs_object_request_durations_histogram_seconds_PUT_sum	2200.4550808700587
1786701307	juicefs_used_buffer_size_bytes	8912896
1786701308	juicefs_fuse_ops_durations_histogram_seconds_total	399355
1786701308	juicefs_fuse_ops_durations_histogram_seconds_sum	7412.964714552951
1786701308	juicefs_object_request_durations_histogram_seconds_PUT_total	436245
1786701308	juicefs_object_request_durations_histogram_seconds_PUT_sum	2215.3946890930524
1786701308	juicefs_used_buffer_size_bytes	12058624
1786701309	juicefs_fuse_ops_durations_histogram_seconds_total	403884
1786701309	juicefs_fuse_ops_durations_histogram_seconds_sum	7536.271101341931
1786701309	juicefs_object_request_durations_histogram_seconds_PUT_total	440771
1786701309	juicefs_object_request_durations_histogram_seconds_PUT_sum	2223.8238066090594
1786701309	juicefs_used_buffer_size_bytes	9699328
1786701310	juicefs_fuse_ops_durations_histogram_seconds_total	406681
1786701310	juicefs_fuse_ops_durations_histogram_seconds_sum	7661.012707807948
1786701310	juicefs_object_request_durations_histogram_seconds_PUT_total	443563
1786701310	juicefs_object_request_durations_histogram_seconds_PUT_sum	2228.7119098320472
1786701310	juicefs_used_buffer_size_bytes	8388608
1786701311	juicefs_fuse_ops_durations_histogram_seconds_total	410352
1786701311	juicefs_fuse_ops_durations_histogram_seconds_sum	7790.090665961947
1786701311	juicefs_object_request_durations_histogram_seconds_PUT_total	447050
1786701311	juicefs_object_request_durations_histogram_seconds_PUT_sum	2235.438243198047
1786701311	juicefs_used_buffer_size_bytes	14417920
1786701312	juicefs_fuse_ops_durations_histogram_seconds_total	413345
1786701312	juicefs_fuse_ops_durations_histogram_seconds_sum	7916.551919603969
1786701312	juicefs_object_request_durations_histogram_seconds_PUT_total	450046
1786701312	juicefs_object_request_durations_histogram_seconds_PUT_sum	2241.176501658053
1786701312	juicefs_used_buffer_size_bytes	10485760
1786701313	juicefs_fuse_ops_durations_histogram_seconds_total	415658
1786701313	juicefs_fuse_ops_durations_histogram_seconds_sum	8041.080179166958
1786701313	juicefs_object_request_durations_histogram_seconds_PUT_total	452357
1786701313	juicefs_object_request_durations_histogram_seconds_PUT_sum	2245.7755522740595
1786701313	juicefs_used_buffer_size_bytes	8388608
1786701314	juicefs_fuse_ops_durations_histogram_seconds_total	418176
1786701314	juicefs_fuse_ops_durations_histogram_seconds_sum	8160.264106131972
1786701314	juicefs_object_request_durations_histogram_seconds_PUT_total	455120
1786701314	juicefs_object_request_durations_histogram_seconds_PUT_sum	2251.122345873067
1786701314	juicefs_used_buffer_size_bytes	8388608
1786701315	juicefs_fuse_ops_durations_histogram_seconds_total	420804
1786701315	juicefs_fuse_ops_durations_histogram_seconds_sum	8292.523883581005
1786701315	juicefs_object_request_durations_histogram_seconds_PUT_total	457737
1786701315	juicefs_object_request_durations_histogram_seconds_PUT_sum	2256.146049704077
1786701315	juicefs_used_buffer_size_bytes	8388608
1786701316	juicefs_fuse_ops_durations_histogram_seconds_total	423551
1786701316	juicefs_fuse_ops_durations_histogram_seconds_sum	8420.331598248016
1786701316	juicefs_object_request_durations_histogram_seconds_PUT_total	460572
1786701316	juicefs_object_request_durations_histogram_seconds_PUT_sum	2261.2317307350804
1786701316	juicefs_used_buffer_size_bytes	10223616
1786701317	juicefs_fuse_ops_durations_histogram_seconds_total	426607
1786701317	juicefs_fuse_ops_durations_histogram_seconds_sum	8542.432246695016
1786701317	juicefs_object_request_durations_histogram_seconds_PUT_total	463624
1786701317	juicefs_object_request_durations_histogram_seconds_PUT_sum	2267.262311403072
1786701317	juicefs_used_buffer_size_bytes	8388608
1786701318	juicefs_fuse_ops_durations_histogram_seconds_total	428354
1786701318	juicefs_fuse_ops_durations_histogram_seconds_sum	8667.516184533048
1786701318	juicefs_object_request_durations_histogram_seconds_PUT_total	465604
1786701318	juicefs_object_request_durations_histogram_seconds_PUT_sum	2270.670518979073
1786701318	juicefs_used_buffer_size_bytes	8912896
1786701319	juicefs_fuse_ops_durations_histogram_seconds_total	431193
1786701319	juicefs_fuse_ops_durations_histogram_seconds_sum	8784.632729017098
1786701319	juicefs_object_request_durations_histogram_seconds_PUT_total	468700
1786701319	juicefs_object_request_durations_histogram_seconds_PUT_sum	2276.0009081620733
1786701319	juicefs_used_buffer_size_bytes	8388608
1786701320	juicefs_fuse_ops_durations_histogram_seconds_total	434631
1786701320	juicefs_fuse_ops_durations_histogram_seconds_sum	8921.983515884116
1786701320	juicefs_object_request_durations_histogram_seconds_PUT_total	472127
1786701320	juicefs_object_request_durations_histogram_seconds_PUT_sum	2282.528465954076
1786701320	juicefs_used_buffer_size_bytes	8388608
1786701321	juicefs_fuse_ops_durations_histogram_seconds_total	438142
1786701321	juicefs_fuse_ops_durations_histogram_seconds_sum	9048.11732635811
1786701321	juicefs_object_request_durations_histogram_seconds_PUT_total	475483
1786701321	juicefs_object_request_durations_histogram_seconds_PUT_sum	2288.6896928690744
1786701321	juicefs_used_buffer_size_bytes	13369344
1786701322	juicefs_fuse_ops_durations_histogram_seconds_total	444293
1786701322	juicefs_fuse_ops_durations_histogram_seconds_sum	9173.920001691089
1786701322	juicefs_object_request_durations_histogram_seconds_PUT_total	481901
1786701322	juicefs_object_request_durations_histogram_seconds_PUT_sum	2300.346513503063
1786701322	juicefs_used_buffer_size_bytes	9699328
1786701323	juicefs_fuse_ops_durations_histogram_seconds_total	449191
1786701323	juicefs_fuse_ops_durations_histogram_seconds_sum	9295.067793159058
1786701323	juicefs_object_request_durations_histogram_seconds_PUT_total	487268
1786701323	juicefs_object_request_durations_histogram_seconds_PUT_sum	2310.1900483310596
1786701323	juicefs_used_buffer_size_bytes	9437184
1786701324	juicefs_fuse_ops_durations_histogram_seconds_total	454065
1786701324	juicefs_fuse_ops_durations_histogram_seconds_sum	9444.335800198038
1786701324	juicefs_object_request_durations_histogram_seconds_PUT_total	492122
1786701324	juicefs_object_request_durations_histogram_seconds_PUT_sum	2321.9193127970634
1786701324	juicefs_used_buffer_size_bytes	8912896
1786701325	juicefs_fuse_ops_durations_histogram_seconds_total	458737
1786701325	juicefs_fuse_ops_durations_histogram_seconds_sum	9560.932997068066
1786701325	juicefs_object_request_durations_histogram_seconds_PUT_total	496796
1786701325	juicefs_object_request_durations_histogram_seconds_PUT_sum	2331.617221659062
1786701325	juicefs_used_buffer_size_bytes	8650752
1786701326	juicefs_fuse_ops_durations_histogram_seconds_total	463058
1786701326	juicefs_fuse_ops_durations_histogram_seconds_sum	9681.932263127042
1786701326	juicefs_object_request_durations_histogram_seconds_PUT_total	500955
1786701326	juicefs_object_request_durations_histogram_seconds_PUT_sum	2340.038554511058
1786701326	juicefs_used_buffer_size_bytes	8650752
1786701327	juicefs_fuse_ops_durations_histogram_seconds_total	467819
1786701327	juicefs_fuse_ops_durations_histogram_seconds_sum	9821.355752737092
1786701327	juicefs_object_request_durations_histogram_seconds_PUT_total	505703
1786701327	juicefs_object_request_durations_histogram_seconds_PUT_sum	2350.237355843047
1786701327	juicefs_used_buffer_size_bytes	9175040
1786701328	juicefs_fuse_ops_durations_histogram_seconds_total	471720
1786701328	juicefs_fuse_ops_durations_histogram_seconds_sum	9943.07802280207
1786701328	juicefs_object_request_durations_histogram_seconds_PUT_total	509596
1786701328	juicefs_object_request_durations_histogram_seconds_PUT_sum	2358.124183678045
1786701328	juicefs_used_buffer_size_bytes	8388608
1786701329	juicefs_fuse_ops_durations_histogram_seconds_total	475094
1786701329	juicefs_fuse_ops_durations_histogram_seconds_sum	10070.755767352062
1786701329	juicefs_object_request_durations_histogram_seconds_PUT_total	513086
1786701329	juicefs_object_request_durations_histogram_seconds_PUT_sum	2364.908341770041
1786701329	juicefs_used_buffer_size_bytes	13107200
1786701330	juicefs_fuse_ops_durations_histogram_seconds_total	479595
1786701330	juicefs_fuse_ops_durations_histogram_seconds_sum	10220.861969949061
1786701330	juicefs_object_request_durations_histogram_seconds_PUT_total	518815
1786701330	juicefs_object_request_durations_histogram_seconds_PUT_sum	2376.0166404090387
1786701330	juicefs_used_buffer_size_bytes	16515072
1786701331	juicefs_fuse_ops_durations_histogram_seconds_total	483346
1786701331	juicefs_fuse_ops_durations_histogram_seconds_sum	10344.423044360052
1786701331	juicefs_object_request_durations_histogram_seconds_PUT_total	522571
1786701331	juicefs_object_request_durations_histogram_seconds_PUT_sum	2382.695080027047
1786701331	juicefs_used_buffer_size_bytes	9437184
1786701332	juicefs_fuse_ops_durations_histogram_seconds_total	486745
1786701332	juicefs_fuse_ops_durations_histogram_seconds_sum	10471.983297872039
1786701332	juicefs_object_request_durations_histogram_seconds_PUT_total	525963
1786701332	juicefs_object_request_durations_histogram_seconds_PUT_sum	2389.3786430750533
1786701332	juicefs_used_buffer_size_bytes	8388608
1786701333	juicefs_fuse_ops_durations_histogram_seconds_total	490821
1786701333	juicefs_fuse_ops_durations_histogram_seconds_sum	10594.880838557956
1786701333	juicefs_object_request_durations_histogram_seconds_PUT_total	530018
1786701333	juicefs_object_request_durations_histogram_seconds_PUT_sum	2397.4318075980464
1786701333	juicefs_used_buffer_size_bytes	11010048
1786701334	juicefs_fuse_ops_durations_histogram_seconds_total	495582
1786701334	juicefs_fuse_ops_durations_histogram_seconds_sum	10721.399535212957
1786701334	juicefs_object_request_durations_histogram_seconds_PUT_total	534765
1786701334	juicefs_object_request_durations_histogram_seconds_PUT_sum	2406.689978570048
1786701334	juicefs_used_buffer_size_bytes	11796480
1786701335	juicefs_fuse_ops_durations_histogram_seconds_total	501270
1786701335	juicefs_fuse_ops_durations_histogram_seconds_sum	10846.644346648998
1786701335	juicefs_object_request_durations_histogram_seconds_PUT_total	540546
1786701335	juicefs_object_request_durations_histogram_seconds_PUT_sum	2418.700060155053
1786701335	juicefs_used_buffer_size_bytes	11796480
1786701336	juicefs_fuse_ops_durations_histogram_seconds_total	506785
1786701336	juicefs_fuse_ops_durations_histogram_seconds_sum	10973.025570651009
1786701336	juicefs_object_request_durations_histogram_seconds_PUT_total	546061
1786701336	juicefs_object_request_durations_histogram_seconds_PUT_sum	2429.999644695044
1786701336	juicefs_used_buffer_size_bytes	9437184
1786701337	juicefs_fuse_ops_durations_histogram_seconds_total	509799
1786701337	juicefs_fuse_ops_durations_histogram_seconds_sum	11099.086907534
1786701337	juicefs_object_request_durations_histogram_seconds_PUT_total	549324
1786701337	juicefs_object_request_durations_histogram_seconds_PUT_sum	2436.248045249042
1786701337	juicefs_used_buffer_size_bytes	8388608
1786701338	juicefs_fuse_ops_durations_histogram_seconds_total	513054
1786701338	juicefs_fuse_ops_durations_histogram_seconds_sum	11224.572384393028
1786701338	juicefs_object_request_durations_histogram_seconds_PUT_total	552699
1786701338	juicefs_object_request_durations_histogram_seconds_PUT_sum	2442.8893703550384
1786701338	juicefs_used_buffer_size_bytes	16777216
1786701339	juicefs_fuse_ops_durations_histogram_seconds_total	516486
1786701339	juicefs_fuse_ops_durations_histogram_seconds_sum	11346.491232098
1786701339	juicefs_object_request_durations_histogram_seconds_PUT_total	556245
1786701339	juicefs_object_request_durations_histogram_seconds_PUT_sum	2449.3411527250396
1786701339	juicefs_used_buffer_size_bytes	8388608
1786701340	juicefs_fuse_ops_durations_histogram_seconds_total	521816
1786701340	juicefs_fuse_ops_durations_histogram_seconds_sum	11488.235969757947
1786701340	juicefs_object_request_durations_histogram_seconds_PUT_total	561557
1786701340	juicefs_object_request_durations_histogram_seconds_PUT_sum	2459.451388083036
1786701340	juicefs_used_buffer_size_bytes	9961472
1786701341	juicefs_fuse_ops_durations_histogram_seconds_total	527652
1786701341	juicefs_fuse_ops_durations_histogram_seconds_sum	11628.586725109963
1786701341	juicefs_object_request_durations_histogram_seconds_PUT_total	568007
1786701341	juicefs_object_request_durations_histogram_seconds_PUT_sum	2471.40154472805
1786701341	juicefs_used_buffer_size_bytes	8388608
1786701342	juicefs_fuse_ops_durations_histogram_seconds_total	531318
1786701342	juicefs_fuse_ops_durations_histogram_seconds_sum	11763.074023171932
1786701342	juicefs_object_request_durations_histogram_seconds_PUT_total	571662
1786701342	juicefs_object_request_durations_histogram_seconds_PUT_sum	2478.050516885058
1786701342	juicefs_used_buffer_size_bytes	8388608
1786701343	juicefs_fuse_ops_durations_histogram_seconds_total	535668
1786701343	juicefs_fuse_ops_durations_histogram_seconds_sum	11891.276408620975
1786701343	juicefs_object_request_durations_histogram_seconds_PUT_total	576070
1786701343	juicefs_object_request_durations_histogram_seconds_PUT_sum	2486.7464295280565
1786701343	juicefs_used_buffer_size_bytes	8912896
1786701344	juicefs_fuse_ops_durations_histogram_seconds_total	539199
1786701344	juicefs_fuse_ops_durations_histogram_seconds_sum	12014.885114532935
1786701344	juicefs_object_request_durations_histogram_seconds_PUT_total	580040
1786701344	juicefs_object_request_durations_histogram_seconds_PUT_sum	2493.846391504063
1786701344	juicefs_used_buffer_size_bytes	8912896
1786701345	juicefs_fuse_ops_durations_histogram_seconds_total	543967
1786701345	juicefs_fuse_ops_durations_histogram_seconds_sum	12142.425751666013
1786701345	juicefs_object_request_durations_histogram_seconds_PUT_total	585022
1786701345	juicefs_object_request_durations_histogram_seconds_PUT_sum	2503.4554454670547
1786701345	juicefs_used_buffer_size_bytes	14680064
1786701346	juicefs_fuse_ops_durations_histogram_seconds_total	550723
1786701346	juicefs_fuse_ops_durations_histogram_seconds_sum	12267.18213998003
1786701346	juicefs_object_request_durations_histogram_seconds_PUT_total	591597
1786701346	juicefs_object_request_durations_histogram_seconds_PUT_sum	2515.801008104056
1786701346	juicefs_used_buffer_size_bytes	19660800
1786701347	juicefs_fuse_ops_durations_histogram_seconds_total	554776
1786701347	juicefs_fuse_ops_durations_histogram_seconds_sum	12390.403862972034
1786701347	juicefs_object_request_durations_histogram_seconds_PUT_total	595662
1786701347	juicefs_object_request_durations_histogram_seconds_PUT_sum	2523.5371342510657
1786701347	juicefs_used_buffer_size_bytes	13631488
1786701348	juicefs_fuse_ops_durations_histogram_seconds_total	557569
1786701348	juicefs_fuse_ops_durations_histogram_seconds_sum	12512.73696805701
1786701348	juicefs_object_request_durations_histogram_seconds_PUT_total	598456
1786701348	juicefs_object_request_durations_histogram_seconds_PUT_sum	2528.806820667067
1786701348	juicefs_used_buffer_size_bytes	11010048
1786701349	juicefs_fuse_ops_durations_histogram_seconds_total	560632
1786701349	juicefs_fuse_ops_durations_histogram_seconds_sum	12641.46820687301
1786701349	juicefs_object_request_durations_histogram_seconds_PUT_total	601517
1786701349	juicefs_object_request_durations_histogram_seconds_PUT_sum	2534.655534988074
1786701349	juicefs_used_buffer_size_bytes	8388608
1786701350	juicefs_fuse_ops_durations_histogram_seconds_total	564058
1786701350	juicefs_fuse_ops_durations_histogram_seconds_sum	12766.646838363018
1786701350	juicefs_object_request_durations_histogram_seconds_PUT_total	605194
1786701350	juicefs_object_request_durations_histogram_seconds_PUT_sum	2541.6118791950794
1786701350	juicefs_used_buffer_size_bytes	8912896
1786701351	juicefs_fuse_ops_durations_histogram_seconds_total	566088
1786701351	juicefs_fuse_ops_durations_histogram_seconds_sum	12885.54866866803
1786701351	juicefs_object_request_durations_histogram_seconds_PUT_total	607291
1786701351	juicefs_object_request_durations_histogram_seconds_PUT_sum	2545.158103941072
1786701351	juicefs_used_buffer_size_bytes	15466496
1786701352	juicefs_fuse_ops_durations_histogram_seconds_total	568717
1786701352	juicefs_fuse_ops_durations_histogram_seconds_sum	13014.34880333702
1786701352	juicefs_object_request_durations_histogram_seconds_PUT_total	610176
1786701352	juicefs_object_request_durations_histogram_seconds_PUT_sum	2550.644552838068
1786701352	juicefs_used_buffer_size_bytes	11272192
1786701353	juicefs_fuse_ops_durations_histogram_seconds_total	571160
1786701353	juicefs_fuse_ops_durations_histogram_seconds_sum	13138.28758905203
1786701353	juicefs_object_request_durations_histogram_seconds_PUT_total	612619
1786701353	juicefs_object_request_durations_histogram_seconds_PUT_sum	2555.7848906130685
1786701353	juicefs_used_buffer_size_bytes	8388608
1786701354	juicefs_fuse_ops_durations_histogram_seconds_total	574239
1786701354	juicefs_fuse_ops_durations_histogram_seconds_sum	13262.907285449
1786701354	juicefs_object_request_durations_histogram_seconds_PUT_total	615687
1786701354	juicefs_object_request_durations_histogram_seconds_PUT_sum	2562.0742337030542
1786701354	juicefs_used_buffer_size_bytes	8388608
1786701355	juicefs_fuse_ops_durations_histogram_seconds_total	577972
1786701355	juicefs_fuse_ops_durations_histogram_seconds_sum	13383.767169547018
1786701355	juicefs_object_request_durations_histogram_seconds_PUT_total	619409
1786701355	juicefs_object_request_durations_histogram_seconds_PUT_sum	2569.2568818100544
1786701355	juicefs_used_buffer_size_bytes	8388608
1786701356	juicefs_fuse_ops_durations_histogram_seconds_total	582304
1786701356	juicefs_fuse_ops_durations_histogram_seconds_sum	13507.47286507502
1786701356	juicefs_object_request_durations_histogram_seconds_PUT_total	623561
1786701356	juicefs_object_request_durations_histogram_seconds_PUT_sum	2577.2949803920596
1786701356	juicefs_used_buffer_size_bytes	13369344
1786701357	juicefs_fuse_ops_durations_histogram_seconds_total	585109
1786701357	juicefs_fuse_ops_durations_histogram_seconds_sum	13631.289176543003
1786701357	juicefs_object_request_durations_histogram_seconds_PUT_total	626621
1786701357	juicefs_object_request_durations_histogram_seconds_PUT_sum	2582.395754206065
1786701357	juicefs_used_buffer_size_bytes	11010048
1786701358	juicefs_fuse_ops_durations_histogram_seconds_total	589768
1786701358	juicefs_fuse_ops_durations_histogram_seconds_sum	13756.49012027802
1786701358	juicefs_object_request_durations_histogram_seconds_PUT_total	631731
1786701358	juicefs_object_request_durations_histogram_seconds_PUT_sum	2592.30515303006
1786701358	juicefs_used_buffer_size_bytes	11010048
1786701359	juicefs_fuse_ops_durations_histogram_seconds_total	595759
1786701359	juicefs_fuse_ops_durations_histogram_seconds_sum	13904.830116205074
1786701359	juicefs_object_request_durations_histogram_seconds_PUT_total	638008
1786701359	juicefs_object_request_durations_histogram_seconds_PUT_sum	2604.8730165290285
1786701359	juicefs_used_buffer_size_bytes	13369344
1786701360	juicefs_fuse_ops_durations_histogram_seconds_total	600614
1786701360	juicefs_fuse_ops_durations_histogram_seconds_sum	14028.153210083043
1786701360	juicefs_object_request_durations_histogram_seconds_PUT_total	642930
1786701360	juicefs_object_request_durations_histogram_seconds_PUT_sum	2614.464045978003
1786701360	juicefs_used_buffer_size_bytes	8650752
1786701361	juicefs_fuse_ops_durations_histogram_seconds_total	604724
1786701361	juicefs_fuse_ops_durations_histogram_seconds_sum	14145.580044602038
1786701361	juicefs_object_request_durations_histogram_seconds_PUT_total	647075
1786701361	juicefs_object_request_durations_histogram_seconds_PUT_sum	2622.406033477996
1786701361	juicefs_used_buffer_size_bytes	8388608
1786701362	juicefs_fuse_ops_durations_histogram_seconds_total	608435
1786701362	juicefs_fuse_ops_durations_histogram_seconds_sum	14276.801019253055
1786701362	juicefs_object_request_durations_histogram_seconds_PUT_total	650770
1786701362	juicefs_object_request_durations_histogram_seconds_PUT_sum	2629.821456095991
1786701362	juicefs_used_buffer_size_bytes	12058624
1786701363	juicefs_fuse_ops_durations_histogram_seconds_total	611378
1786701363	juicefs_fuse_ops_durations_histogram_seconds_sum	14396.634586686056
1786701363	juicefs_object_request_durations_histogram_seconds_PUT_total	653705
1786701363	juicefs_object_request_durations_histogram_seconds_PUT_sum	2635.349930999991
1786701363	juicefs_used_buffer_size_bytes	8912896
1786701364	juicefs_fuse_ops_durations_histogram_seconds_total	616243
1786701364	juicefs_fuse_ops_durations_histogram_seconds_sum	14564.081375441043
1786701364	juicefs_object_request_durations_histogram_seconds_PUT_total	659161
1786701364	juicefs_object_request_durations_histogram_seconds_PUT_sum	2646.5005133950035
1786701364	juicefs_used_buffer_size_bytes	22020096
1786701365	juicefs_fuse_ops_durations_histogram_seconds_total	620511
1786701365	juicefs_fuse_ops_durations_histogram_seconds_sum	14686.947658243069
1786701365	juicefs_object_request_durations_histogram_seconds_PUT_total	663581
1786701365	juicefs_object_request_durations_histogram_seconds_PUT_sum	2654.536901552001
1786701365	juicefs_used_buffer_size_bytes	9699328
1786701366	juicefs_fuse_ops_durations_histogram_seconds_total	625975
1786701366	juicefs_fuse_ops_durations_histogram_seconds_sum	14814.762548184048
1786701366	juicefs_object_request_durations_histogram_seconds_PUT_total	668890
1786701366	juicefs_object_request_durations_histogram_seconds_PUT_sum	2664.400512331018
1786701366	juicefs_used_buffer_size_bytes	8388608
1786701367	juicefs_fuse_ops_durations_histogram_seconds_total	629764
1786701367	juicefs_fuse_ops_durations_histogram_seconds_sum	14943.080416576047
1786701367	juicefs_object_request_durations_histogram_seconds_PUT_total	672525
1786701367	juicefs_object_request_durations_histogram_seconds_PUT_sum	2671.081517316009
1786701367	juicefs_used_buffer_size_bytes	45613056
1786701368	juicefs_fuse_ops_durations_histogram_seconds_total	633969
1786701368	juicefs_fuse_ops_durations_histogram_seconds_sum	15058.60571261804
1786701368	juicefs_object_request_durations_histogram_seconds_PUT_total	676947
1786701368	juicefs_object_request_durations_histogram_seconds_PUT_sum	2679.7277109590113
1786701368	juicefs_used_buffer_size_bytes	9437184
1786701369	juicefs_fuse_ops_durations_histogram_seconds_total	633981
1786701369	juicefs_fuse_ops_durations_histogram_seconds_sum	15076.04062263904
1786701369	juicefs_object_request_durations_histogram_seconds_PUT_total	677630
1786701369	juicefs_object_request_durations_histogram_seconds_PUT_sum	2680.566056688015
1786701369	juicefs_used_buffer_size_bytes	8388608
1786701370	juicefs_fuse_ops_durations_histogram_seconds_total	633992
1786701370	juicefs_fuse_ops_durations_histogram_seconds_sum	15076.04418102304
1786701370	juicefs_object_request_durations_histogram_seconds_PUT_total	677630
1786701370	juicefs_object_request_durations_histogram_seconds_PUT_sum	2680.566056688015
1786701370	juicefs_used_buffer_size_bytes	8388608
1786701371	juicefs_fuse_ops_durations_histogram_seconds_total	634003
1786701371	juicefs_fuse_ops_durations_histogram_seconds_sum	15076.04788826204
1786701371	juicefs_object_request_durations_histogram_seconds_PUT_total	678205
1786701371	juicefs_object_request_durations_histogram_seconds_PUT_sum	2681.260289772018
1786701371	juicefs_used_buffer_size_bytes	9699328
1786701372	juicefs_fuse_ops_durations_histogram_seconds_total	634164
1786701372	juicefs_fuse_ops_durations_histogram_seconds_sum	15076.144592266046
1786701372	juicefs_object_request_durations_histogram_seconds_PUT_total	678398
1786701372	juicefs_object_request_durations_histogram_seconds_PUT_sum	2681.517179301019
1786701372	juicefs_used_buffer_size_bytes	8388608
1786701373	juicefs_fuse_ops_durations_histogram_seconds_total	634175
1786701373	juicefs_fuse_ops_durations_histogram_seconds_sum	15076.148043995046
1786701373	juicefs_object_request_durations_histogram_seconds_PUT_total	678398
1786701373	juicefs_object_request_durations_histogram_seconds_PUT_sum	2681.517179301019
1786701373	juicefs_used_buffer_size_bytes	8388608
1786701374	juicefs_fuse_ops_durations_histogram_seconds_total	634186
1786701374	juicefs_fuse_ops_durations_histogram_seconds_sum	15076.15151034105
1786701374	juicefs_object_request_durations_histogram_seconds_PUT_total	678654
1786701374	juicefs_object_request_durations_histogram_seconds_PUT_sum	2681.8254854040206
1786701374	juicefs_used_buffer_size_bytes	8388608
1786701375	juicefs_fuse_ops_durations_histogram_seconds_total	634197
1786701375	juicefs_fuse_ops_durations_histogram_seconds_sum	15076.15488151505
1786701375	juicefs_object_request_durations_histogram_seconds_PUT_total	678654
1786701375	juicefs_object_request_durations_histogram_seconds_PUT_sum	2681.8254854040206
1786701375	juicefs_used_buffer_size_bytes	8388608
1786701376	juicefs_fuse_ops_durations_histogram_seconds_total	634208
1786701376	juicefs_fuse_ops_durations_histogram_seconds_sum	15076.160008331048
1786701376	juicefs_object_request_durations_histogram_seconds_PUT_total	678654
1786701376	juicefs_object_request_durations_histogram_seconds_PUT_sum	2681.8254854040206
1786701376	juicefs_used_buffer_size_bytes	8388608
1786701377	juicefs_fuse_ops_durations_histogram_seconds_total	634369
1786701377	juicefs_fuse_ops_durations_histogram_seconds_sum	15076.20276167805
1786701377	juicefs_object_request_durations_histogram_seconds_PUT_total	678762
1786701377	juicefs_object_request_durations_histogram_seconds_PUT_sum	2681.954813490019
1786701377	juicefs_used_buffer_size_bytes	8912896
