1786701070	juicefs_fuse_ops_durations_histogram_seconds_total	187
1786701070	juicefs_fuse_ops_durations_histogram_seconds_sum	0.060926923
1786701070	juicefs_used_buffer_size_bytes	0
1786701071	juicefs_fuse_ops_durations_histogram_seconds_total	8262
1786701071	juicefs_fuse_ops_durations_histogram_seconds_sum	35.043413342000186
1786701071	juicefs_object_request_durations_histogram_seconds_PUT_total	6969
1786701071	juicefs_object_request_durations_histogram_seconds_PUT_sum	57.556094667999886
1786701071	juicefs_used_buffer_size_bytes	313786368
1786701072	juicefs_fuse_ops_durations_histogram_seconds_total	24926
1786701072	juicefs_fuse_ops_durations_histogram_seconds_sum	147.65051173799887
1786701072	juicefs_object_request_durations_histogram_seconds_PUT_total	25004
1786701072	juicefs_object_request_durations_histogram_seconds_PUT_sum	208.67923792399864
1786701072	juicefs_used_buffer_size_bytes	297271296
1786701073	juicefs_fuse_ops_durations_histogram_seconds_total	42903
1786701073	juicefs_fuse_ops_durations_histogram_seconds_sum	255.82680234999816
1786701073	juicefs_object_request_durations_histogram_seconds_PUT_total	44535
1786701073	juicefs_object_request_durations_histogram_seconds_PUT_sum	359.24924799099574
1786701073	juicefs_used_buffer_size_bytes	153092096
1786701074	juicefs_fuse_ops_durations_histogram_seconds_total	62630
1786701074	juicefs_fuse_ops_durations_histogram_seconds_sum	362.1373356700022
1786701074	juicefs_object_request_durations_histogram_seconds_PUT_total	63575
1786701074	juicefs_object_request_durations_histogram_seconds_PUT_sum	509.8308867499977
1786701074	juicefs_used_buffer_size_bytes	312475648
1786701075	juicefs_fuse_ops_durations_histogram_seconds_total	78546
1786701075	juicefs_fuse_ops_durations_histogram_seconds_sum	477.09976019500385
1786701075	juicefs_object_request_durations_histogram_seconds_PUT_total	80972
1786701075	juicefs_object_request_durations_histogram_seconds_PUT_sum	660.3579290009934
1786701075	juicefs_used_buffer_size_bytes	316407808
1786701076	juicefs_fuse_ops_durations_histogram_seconds_total	94221
1786701076	juicefs_fuse_ops_durations_histogram_seconds_sum	594.2103540720046
1786701076	juicefs_object_request_durations_histogram_seconds_PUT_total	98011
1786701076	juicefs_object_request_durations_histogram_seconds_PUT_sum	811.1080844759965
1786701076	juicefs_used_buffer_size_bytes	279183360
1786701077	juicefs_fuse_ops_durations_histogram_seconds_total	112303
1786701077	juicefs_fuse_ops_durations_histogram_seconds_sum	701.0850629479997
1786701077	juicefs_object_request_durations_histogram_seconds_PUT_total	116293
1786701077	juicefs_object_request_durations_histogram_seconds_PUT_sum	961.9591009500016
1786701077	juicefs_used_buffer_size_bytes	314048512
1786701078	juicefs_fuse_ops_durations_histogram_seconds_total	126597
1786701078	juicefs_fuse_ops_durations_histogram_seconds_sum	820.9629173760039
1786701078	juicefs_object_request_durations_histogram_seconds_PUT_total	132042
1786701078	juicefs_object_request_durations_histogram_seconds_PUT_sum	1114.483136948
1786701078	juicefs_used_buffer_size_bytes	313524224
1786701079	juicefs_fuse_ops_durations_histogram_seconds_total	143109
1786701079	juicefs_fuse_ops_durations_histogram_seconds_sum	936.4705652890046
1786701079	juicefs_object_request_durations_histogram_seconds_PUT_total	149438
1786701079	juicefs_object_request_durations_histogram_seconds_PUT_sum	1265.2878962699976
1786701079	juicefs_used_buffer_size_bytes	311951360
1786701080	juicefs_fuse_ops_durations_histogram_seconds_total	161233
1786701080	juicefs_fuse_ops_durations_histogram_seconds_sum	1045.8080448690032
1786701080	juicefs_object_request_durations_histogram_seconds_PUT_total	168259
1786701080	juicefs_object_request_durations_histogram_seconds_PUT_sum	1409.1721840380203
1786701080	juicefs_used_buffer_size_bytes	343670784
1786701081	juicefs_fuse_ops_durations_histogram_seconds_total	175472
1786701081	juicefs_fuse_ops_durations_histogram_seconds_sum	1158.168277725009
1786701081	juicefs_object_request_durations_histogram_seconds_PUT_total	184383
1786701081	juicefs_object_request_durations_histogram_seconds_PUT_sum	1557.5457165530092
1786701081	juicefs_used_buffer_size_bytes	237502464
1786701082	juicefs_fuse_ops_durations_histogram_seconds_total	190567
1786701082	juicefs_fuse_ops_durations_histogram_seconds_sum	1273.5471012430032
1786701082	juicefs_object_request_durations_histogram_seconds_PUT_total	199738
1786701082	juicefs_object_request_durations_histogram_seconds_PUT_sum	1708.1827645780033
1786701082	juicefs_used_buffer_size_bytes	315621376
1786701083	juicefs_fuse_ops_durations_histogram_seconds_total	205739
1786701083	juicefs_fuse_ops_durations_histogram_seconds_sum	1389.3464390670101
1786701083	juicefs_object_request_durations_histogram_seconds_PUT_total	215891
1786701083	juicefs_object_request_durations_histogram_seconds_PUT_sum	1858.3305298190073
1786701083	juicefs_used_buffer_size_bytes	314048512
1786701084	juicefs_fuse_ops_durations_histogram_seconds_total	213946
1786701084	juicefs_fuse_ops_durations_histogram_seconds_sum	1514.0326497380097
1786701084	juicefs_object_request_durations_histogram_seconds_PUT_total	226845
1786701084	juicefs_object_request_durations_histogram_seconds_PUT_sum	1932.584215404003
1786701084	juicefs_used_buffer_size_bytes	12058624
1786701085	juicefs_fuse_ops_durations_histogram_seconds_total	219658
1786701085	juicefs_fuse_ops_durations_histogram_seconds_sum	1641.5409422540097
1786701085	juicefs_object_request_durations_histogram_seconds_PUT_total	235069
1786701085	juicefs_object_request_durations_histogram_seconds_PUT_sum	1953.082461385001
1786701085	juicefs_used_buffer_size_bytes	12320768
1786701086	juicefs_fuse_ops_durations_histogram_seconds_total	225121
1786701086	juicefs_fuse_ops_durations_histogram_seconds_sum	1767.2778068650155
1786701086	juicefs_object_request_durations_histogram_seconds_PUT_total	242356
1786701086	juicefs_object_request_durations_histogram_seconds_PUT_sum	1970.7890871430004
1786701086	juicefs_used_buffer_size_bytes	12058624
1786701087	juicefs_fuse_ops_durations_histogram_seconds_total	230302
1786701087	juicefs_fuse_ops_durations_histogram_seconds_sum	1897.3487077940122
1786701087	juicefs_object_request_durations_histogram_seconds_PUT_total	249571
1786701087	juicefs_object_request_durations_histogram_seconds_PUT_sum	1988.1827446300047
1786701087	juicefs_used_buffer_size_bytes	9175040
1786701088	juicefs_fuse_ops_durations_histogram_seconds_total	235862
1786701088	juicefs_fuse_ops_durations_histogram_seconds_sum	2025.835897881011
1786701088	juicefs_object_request_durations_histogram_seconds_PUT_total	257789
1786701088	juicefs_object_request_durations_histogram_seconds_PUT_sum	2011.9601227830037
1786701088	juicefs_used_buffer_size_bytes	19136512
1786701089	juicefs_fuse_ops_durations_histogram_seconds_total	242253
1786701089	juicefs_fuse_ops_durations_histogram_seconds_sum	2152.7382839860243
1786701089	juicefs_object_request_durations_histogram_seconds_PUT_total	266126
1786701089	juicefs_object_request_durations_histogram_seconds_PUT_sum	2033.3542929630062
1786701089	juicefs_used_buffer_size_bytes	25690112
1786701090	juicefs_fuse_ops_durations_histogram_seconds_total	249149
1786701090	juicefs_fuse_ops_durations_histogram_seconds_sum	2276.816227674031
1786701090	juicefs_object_request_durations_histogram_seconds_PUT_total	274578
1786701090	juicefs_object_request_durations_histogram_seconds_PUT_sum	2055.6421480850076
1786701090	juicefs_used_buffer_size_bytes	11010048
1786701091	juicefs_fuse_ops_durations_histogram_seconds_total	255216
1786701091	juicefs_fuse_ops_durations_histogram_seconds_sum	2407.535799035043
1786701091	juicefs_object_request_durations_histogram_seconds_PUT_total	283207
1786701091	juicefs_object_request_durations_histogram_seconds_PUT_sum	2076.2999469200017
1786701091	juicefs_used_buffer_size_bytes	10485760
1786701092	juicefs_fuse_ops_durations_histogram_seconds_total	260534
1786701092	juicefs_fuse_ops_durations_histogram_seconds_sum	2533.906075152047
1786701092	juicefs_object_request_durations_histogram_seconds_PUT_total	291022
1786701092	juicefs_object_request_durations_histogram_seconds_PUT_sum	2093.3914001870035
1786701092	juicefs_used_buffer_size_bytes	11010048
1786701093	juicefs_fuse_ops_durations_histogram_seconds_total	265479
1786701093	juicefs_fuse_ops_durations_histogram_seconds_sum	2664.3868604330546
1786701093	juicefs_object_request_durations_histogram_seconds_PUT_total	297691
1786701093	juicefs_object_request_durations_histogram_seconds_PUT_sum	2107.2069547159967
1786701093	juicefs_used_buffer_size_bytes	20971520
1786701094	juicefs_fuse_ops_durations_histogram_seconds_total	268941
1786701094	juicefs_fuse_ops_durations_histogram_seconds_sum	2791.2272322810654
1786701094	juicefs_object_request_durations_histogram_seconds_PUT_total	301146
1786701094	juicefs_object_request_durations_histogram_seconds_PUT_sum	2113.746784310002
1786701094	juicefs_used_buffer_size_bytes	8650752
1786701095	juicefs_fuse_ops_durations_histogram_seconds_total	274723
1786701095	juicefs_fuse_ops_durations_histogram_seconds_sum	2918.8523676130653
1786701095	juicefs_object_request_durations_histogram_seconds_PUT_total	307054
1786701095	juicefs_object_request_durations_histogram_seconds_PUT_sum	2127.176689757996
1786701095	juicefs_used_buffer_size_bytes	8912896
1786701096	juicefs_fuse_ops_durations_histogram_seconds_total	280345
1786701096	juicefs_fuse_ops_durations_histogram_seconds_sum	3045.554891318065
1786701096	juicefs_object_request_durations_histogram_seconds_PUT_total	313297
1786701096	juicefs_object_request_durations_histogram_seconds_PUT_sum	2141.6917699069877
1786701096	juicefs_used_buffer_size_bytes	8388608
1786701097	juicefs_fuse_ops_durations_histogram_seconds_total	285641
1786701097	juicefs_fuse_ops_durations_histogram_seconds_sum	3171.671057552066
1786701097	juicefs_object_request_durations_histogram_seconds_PUT_total	318835
1786701097	juicefs_object_request_durations_histogram_seconds_PUT_sum	2152.05845619801
1786701097	juicefs_used_buffer_size_bytes	9175040
1786701098	juicefs_fuse_ops_durations_histogram_seconds_total	289203
1786701098	juicefs_fuse_ops_durations_histogram_seconds_sum	3303.5973523090684
1786701098	juicefs_object_request_durations_histogram_seconds_PUT_total	322376
1786701098	juicefs_object_request_durations_histogram_seconds_PUT_sum	2158.602542117986
1786701098	juicefs_used_buffer_size_bytes	11796480
1786701099	juicefs_fuse_ops_durations_histogram_seconds_total	292447
1786701099	juicefs_fuse_ops_durations_histogram_seconds_sum	3428.123037301075
1786701099	juicefs_object_request_durations_histogram_seconds_PUT_total	325472
1786701099	juicefs_object_request_durations_histogram_seconds_PUT_sum	2165.069826609987
1786701099	juicefs_used_buffer_size_bytes	9961472
1786701100	juicefs_fuse_ops_durations_histogram_seconds_total	296277
1786701100	juicefs_fuse_ops_durations_histogram_seconds_sum	3557.7195153940856
1786701100	juicefs_object_request_durations_histogram_seconds_PUT_total	329281
1786701100	juicefs_object_request_durations_histogram_seconds_PUT_sum	2172.8467434169847
1786701100	juicefs_used_buffer_size_bytes	11534336
1786701101	juicefs_fuse_ops_durations_histogram_seconds_total	299509
1786701101	juicefs_fuse_ops_durations_histogram_seconds_sum	3685.9939839030835
1786701101	juicefs_object_request_durations_histogram_seconds_PUT_total	332511
1786701101	juicefs_object_request_durations_histogram_seconds_PUT_sum	2179.39575180699
1786701101	juicefs_used_buffer_size_bytes	8650752
1786701102	juicefs_fuse_ops_durations_histogram_seconds_total	302338
1786701102	juicefs_fuse_ops_durations_histogram_seconds_sum	3814.366346094084
1786701102	juicefs_object_request_durations_histogram_seconds_PUT_total	335329
1786701102	juicefs_object_request_durations_histogram_seconds_PUT_sum	2186.49438573899
1786701102	juicefs_used_buffer_size_bytes	8650752
1786701103	juicefs_fuse_ops_durations_histogram_seconds_total	306548
1786701103	juicefs_fuse_ops_durations_histogram_seconds_sum	3935.38724135209
1786701103	juicefs_object_request_durations_histogram_seconds_PUT_total	339519
1786701103	juicefs_object_request_durations_histogram_seconds_PUT_sum	2194.8230007299867
1786701103	juicefs_used_buffer_size_bytes	10485760
1786701104	juicefs_fuse_ops_durations_histogram_seconds_total	311526
1786701104	juicefs_fuse_ops_durations_histogram_seconds_sum	4067.6300159900884
1786701104	juicefs_object_request_durations_histogram_seconds_PUT_total	344602
1786701104	juicefs_object_request_durations_histogram_seconds_PUT_sum	2205.6653225659993
1786701104	juicefs_used_buffer_size_bytes	8388608
1786701105	juicefs_fuse_ops_durations_histogram_seconds_total	317343
1786701105	juicefs_fuse_ops_durations_histogram_seconds_sum	4193.505733762074
1786701105	juicefs_object_request_durations_histogram_seconds_PUT_total	350388
1786701105	juicefs_object_request_durations_histogram_seconds_PUT_sum	2217.179948245001
1786701105	juicefs_used_buffer_size_bytes	12582912
1786701106	juicefs_fuse_ops_durations_histogram_seconds_total	323297
1786701106	juicefs_fuse_ops_durations_histogram_seconds_sum	4320.237740498072
1786701106	juicefs_object_request_durations_histogram_seconds_PUT_total	356350
1786701106	juicefs_object_request_durations_histogram_seconds_PUT_sum	2228.4650942719904
1786701106	juicefs_used_buffer_size_bytes	8912896
1786701107	juicefs_fuse_ops_durations_histogram_seconds_total	329505
1786701107	juicefs_fuse_ops_durations_histogram_seconds_sum	4449.317105162086
1786701107	juicefs_object_request_durations_histogram_seconds_PUT_total	364012
1786701107	juicefs_object_request_durations_histogram_seconds_PUT_sum	2244.63050892898
1786701107	juicefs_used_buffer_size_bytes	13893632
1786701108	juicefs_fuse_ops_durations_histogram_seconds_total	335870
1786701108	juicefs_fuse_ops_durations_histogram_seconds_sum	4575.467788398084
1786701108	juicefs_object_request_durations_histogram_seconds_PUT_total	370930
1786701108	juicefs_object_request_durations_histogram_seconds_PUT_sum	2260.0279906029687
1786701108	juicefs_used_buffer_size_bytes	14155776
1786701109	juicefs_fuse_ops_durations_histogram_seconds_total	340725
1786701109	juicefs_fuse_ops_durations_histogram_seconds_sum	4697.0614151250575
1786701109	juicefs_object_request_durations_histogram_seconds_PUT_total	375810
1786701109	juicefs_object_request_durations_histogram_seconds_PUT_sum	2269.352943597965
1786701109	juicefs_used_buffer_size_bytes	8912896
1786701110	juicefs_fuse_ops_durations_histogram_seconds_total	344611
1786701110	juicefs_fuse_ops_durations_histogram_seconds_sum	4826.683718906056
1786701110	juicefs_object_request_durations_histogram_seconds_PUT_total	379758
1786701110	juicefs_object_request_durations_histogram_seconds_PUT_sum	2277.4129627539637
1786701110	juicefs_used_buffer_size_bytes	10485760
1786701111	juicefs_fuse_ops_durations_histogram_seconds_total	349191
1786701111	juicefs_fuse_ops_durations_histogram_seconds_sum	4950.276690489042
1786701111	juicefs_object_request_durations_histogram_seconds_PUT_total	384856
1786701111	juicefs_object_request_durations_histogram_seconds_PUT_sum	2287.219014201969
1786701111	juicefs_used_buffer_size_bytes	8388608
1786701112	juicefs_fuse_ops_durations_histogram_seconds_total	355197
1786701112	juicefs_fuse_ops_durations_histogram_seconds_sum	5074.183038066051
1786701112	juicefs_object_request_durations_histogram_seconds_PUT_total	390851
1786701112	juicefs_object_request_durations_histogram_seconds_PUT_sum	2300.461732546988
1786701112	juicefs_used_buffer_size_bytes	8388608
1786701113	juicefs_fuse_ops_durations_histogram_seconds_total	360578
1786701113	juicefs_fuse_ops_durations_histogram_seconds_sum	5199.751298002058
1786701113	juicefs_object_request_durations_histogram_seconds_PUT_total	396220
1786701113	juicefs_object_request_durations_histogram_seconds_PUT_sum	2311.9466947189935
1786701113	juicefs_used_buffer_size_bytes	8650752
1786701114	juicefs_fuse_ops_durations_histogram_seconds_total	366600
1786701114	juicefs_fuse_ops_durations_histogram_seconds_sum	5321.369874866053
1786701114	juicefs_object_request_durations_histogram_seconds_PUT_total	402197
1786701114	juicefs_object_request_durations_histogram_seconds_PUT_sum	2325.557219666
1786701114	juicefs_used_buffer_size_bytes	8912896
1786701115	juicefs_fuse_ops_durations_histogram_seconds_total	372788
1786701115	juicefs_fuse_ops_durations_histogram_seconds_sum	5448.585010034019
1786701115	juicefs_object_request_durations_histogram_seconds_PUT_total	408515
1786701115	juicefs_object_request_durations_histogram_seconds_PUT_sum	2339.6700436339943
1786701115	juicefs_used_buffer_size_bytes	8650752
1786701116	juicefs_fuse_ops_durations_histogram_seconds_total	377384
1786701116	juicefs_fuse_ops_durations_histogram_seconds_sum	5576.2552149920175
1786701116	juicefs_object_request_durations_histogram_seconds_PUT_total	413356
1786701116	juicefs_object_request_durations_histogram_seconds_PUT_sum	2351.0081918359997
1786701116	juicefs_used_buffer_size_bytes	8388608
1786701117	juicefs_fuse_ops_durations_histogram_seconds_total	382463
1786701117	juicefs_fuse_ops_durations_histogram_seconds_sum	5709.673706758014
1786701117	juicefs_object_request_durations_histogram_seconds_PUT_total	418405
1786701117	juicefs_object_request_durations_histogram_seconds_PUT_sum	2361.462584108001
1786701117	juicefs_used_buffer_size_bytes	14155776
1786701118	juicefs_fuse_ops_durations_histogram_seconds_total	387818
1786701118	juicefs_fuse_ops_durations_histogram_seconds_sum	5836.794687111023
1786701118	juicefs_object_request_durations_histogram_seconds_PUT_total	423768
1786701118	juicefs_object_request_durations_histogram_seconds_PUT_sum	2372.7829915749962
1786701118	juicefs_used_buffer_size_bytes	8388608
1786701119	juicefs_fuse_ops_durations_histogram_seconds_total	394207
1786701119	juicefs_fuse_ops_durations_histogram_seconds_sum	5962.895467991031
1786701119	juicefs_object_request_durations_histogram_seconds_PUT_total	429932
1786701119	juicefs_object_request_durations_histogram_seconds_PUT_sum	2386.5035289099906
1786701119	juicefs_used_buffer_size_bytes	24379392
1786701120	juicefs_fuse_ops_durations_histogram_seconds_total	399537
1786701120	juicefs_fuse_ops_durations_histogram_seconds_sum	6087.214963598016
1786701120	juicefs_object_request_durations_histogram_seconds_PUT_total	435304
1786701120	juicefs_object_request_durations_histogram_seconds_PUT_sum	2399.04231073398
1786701120	juicefs_used_buffer_size_bytes	11272192
1786701121	juicefs_fuse_ops_durations_histogram_seconds_total	404978
1786701121	juicefs_fuse_ops_durations_histogram_seconds_sum	6213.59370972001
1786701121	juicefs_object_request_durations_histogram_seconds_PUT_total	440712
1786701121	juicefs_object_request_durations_histogram_seconds_PUT_sum	2409.314613284983
1786701121	juicefs_used_buffer_size_bytes	23855104
1786701122	juicefs_fuse_ops_durations_histogram_seconds_total	409975
1786701122	juicefs_fuse_ops_durations_histogram_seconds_sum	6339.377655558986
1786701122	juicefs_object_request_durations_histogram_seconds_PUT_total	445694
1786701122	juicefs_object_request_durations_histogram_seconds_PUT_sum	2420.0510782249785
1786701122	juicefs_used_buffer_size_bytes	19398656
1786701123	juicefs_fuse_ops_durations_histogram_seconds_total	414063
1786701123	juicefs_fuse_ops_durations_histogram_seconds_sum	6480.369034711989
1786701123	juicefs_object_request_durations_histogram_seconds_PUT_total	451265
1786701123	juicefs_object_request_durations_histogram_seconds_PUT_sum	2431.930576404972
1786701123	juicefs_used_buffer_size_bytes	15990784
1786701124	juicefs_fuse_ops_durations_histogram_seconds_total	420643
1786701124	juicefs_fuse_ops_durations_histogram_seconds_sum	6606.964343064976
1786701124	juicefs_object_request_durations_histogram_seconds_PUT_total	457815
1786701124	juicefs_object_request_durations_histogram_seconds_PUT_sum	2447.819416114963
1786701124	juicefs_used_buffer_size_bytes	15204352
1786701125	juicefs_fuse_ops_durations_histogram_seconds_total	427255
1786701125	juicefs_fuse_ops_durations_histogram_seconds_sum	6748.044801749999
1786701125	juicefs_object_request_durations_histogram_seconds_PUT_total	465132
1786701125	juicefs_object_request_durations_histogram_seconds_PUT_sum	2463.419485307972
1786701125	juicefs_used_buffer_size_bytes	8650752
1786701126	juicefs_fuse_ops_durations_histogram_seconds_total	432853
1786701126	juicefs_fuse_ops_durations_histogram_seconds_sum	6874.5795252949865
1786701126	juicefs_object_request_durations_histogram_seconds_PUT_total	470714
1786701126	juicefs_object_request_durations_histogram_seconds_PUT_sum	2475.797675369986
1786701126	juicefs_used_buffer_size_bytes	9699328
1786701127	juicefs_fuse_ops_durations_histogram_seconds_total	438010
1786701127	juicefs_fuse_ops_durations_histogram_seconds_sum	7001.028123661986
1786701127	juicefs_object_request_durations_histogram_seconds_PUT_total	475865
1786701127	juicefs_object_request_durations_histogram_seconds_PUT_sum	2487.1334993379855
1786701127	juicefs_used_buffer_size_bytes	8388608
1786701128	juicefs_fuse_ops_durations_histogram_seconds_total	442573
1786701128	juicefs_fuse_ops_durations_histogram_seconds_sum	7125.576257484998
1786701128	juicefs_object_request_durations_histogram_seconds_PUT_total	480549
1786701128	juicefs_object_request_durations_histogram_seconds_PUT_sum	2496.3893842499924
1786701128	juicefs_used_buffer_size_bytes	21757952
1786701129	juicefs_fuse_ops_durations_histogram_seconds_total	447847
1786701129	juicefs_fuse_ops_durations_histogram_seconds_sum	7252.671027921041
1786701129	juicefs_object_request_durations_histogram_seconds_PUT_total	486042
1786701129	juicefs_object_request_durations_histogram_seconds_PUT_sum	2507.7132303760054
1786701129	juicefs_used_buffer_size_bytes	8388608
1786701130	juicefs_fuse_ops_durations_histogram_seconds_total	453371
1786701130	juicefs_fuse_ops_durations_histogram_seconds_sum	7384.707729080051
1786701130	juicefs_object_request_durations_histogram_seconds_PUT_total	491549
1786701130	juicefs_object_request_durations_histogram_seconds_PUT_sum	2518.6666250410062
1786701130	juicefs_used_buffer_size_bytes	13369344
1786701131	juicefs_fuse_ops_durations_histogram_seconds_total	459423
1786701131	juicefs_fuse_ops_durations_histogram_seconds_sum	7512.182314259088
1786701131	juicefs_object_request_durations_histogram_seconds_PUT_total	497846
1786701131	juicefs_object_request_durations_histogram_seconds_PUT_sum	2532.4351105670007
1786701131	juicefs_used_buffer_size_bytes	12845056
1786701132	juicefs_fuse_ops_durations_histogram_seconds_total	464801
1786701132	juicefs_fuse_ops_durations_histogram_seconds_sum	7639.7015337761
1786701132	juicefs_object_request_durations_histogram_seconds_PUT_total	503214
1786701132	juicefs_object_request_durations_histogram_seconds_PUT_sum	2543.819206679001
1786701132	juicefs_used_buffer_size_bytes	8650752
1786701133	juicefs_fuse_ops_durations_histogram_seconds_total	469781
1786701133	juicefs_fuse_ops_durations_histogram_seconds_sum	7768.511586110112
1786701133	juicefs_object_request_durations_histogram_seconds_PUT_total	508184
1786701133	juicefs_object_request_durations_histogram_seconds_PUT_sum	2554.538254118001
1786701133	juicefs_used_buffer_size_bytes	22806528
1786701134	juicefs_fuse_ops_durations_histogram_seconds_total	475249
1786701134	juicefs_fuse_ops_durations_histogram_seconds_sum	7896.0316081761075
1786701134	juicefs_object_request_durations_histogram_seconds_PUT_total	513733
1786701134	juicefs_object_request_durations_histogram_seconds_PUT_sum	2566.396117239
1786701134	juicefs_used_buffer_size_bytes	12320768
1786701135	juicefs_fuse_ops_durations_histogram_seconds_total	482135
1786701135	juicefs_fuse_ops_durations_histogram_seconds_sum	8016.966306571107
1786701135	juicefs_object_request_durations_histogram_seconds_PUT_total	520610
1786701135	juicefs_object_request_durations_histogram_seconds_PUT_sum	2579.4911563430037
1786701135	juicefs_used_buffer_size_bytes	12845056
1786701136	juicefs_fuse_ops_durations_histogram_seconds_total	487259
1786701136	juicefs_fuse_ops_durations_histogram_seconds_sum	8145.394189679093
1786701136	juicefs_object_request_durations_histogram_seconds_PUT_total	525710
1786701136	juicefs_object_request_durations_histogram_seconds_PUT_sum	2590.3466147169984
1786701136	juicefs_used_buffer_size_bytes	16515072
1786701137	juicefs_fuse_ops_durations_histogram_seconds_total	491316
1786701137	juicefs_fuse_ops_durations_histogram_seconds_sum	8276.51602299407
1786701137	juicefs_object_request_durations_histogram_seconds_PUT_total	529785
1786701137	juicefs_object_request_durations_histogram_seconds_PUT_sum	2599.7771596690122
1786701137	juicefs_used_buffer_size_bytes	8388608
1786701138	juicefs_fuse_ops_durations_histogram_seconds_total	494402
1786701138	juicefs_fuse_ops_durations_histogram_seconds_sum	8406.036860030063
1786701138	juicefs_object_request_durations_histogram_seconds_PUT_total	532854
1786701138	juicefs_object_request_durations_histogram_seconds_PUT_sum	2606.1068628240027
1786701138	juicefs_used_buffer_size_bytes	8388608
1786701139	juicefs_fuse_ops_durations_histogram_seconds_total	498274
1786701139	juicefs_fuse_ops_durations_histogram_seconds_sum	8531.032289819057
1786701139	juicefs_object_request_durations_histogram_seconds_PUT_total	536988
1786701139	juicefs_object_request_durations_histogram_seconds_PUT_sum	2614.0519094319993
1786701139	juicefs_used_buffer_size_bytes	12320768
1786701140	juicefs_fuse_ops_durations_histogram_seconds_total	502165
1786701140	juicefs_fuse_ops_durations_histogram_seconds_sum	8649.270676869071
1786701140	juicefs_object_request_durations_histogram_seconds_PUT_total	541731
1786701140	juicefs_object_request_durations_histogram_seconds_PUT_sum	2622.829181809014
1786701140	juicefs_used_buffer_size_bytes	8388608
1786701141	juicefs_fuse_ops_durations_histogram_seconds_total	506647
1786701141	juicefs_fuse_ops_durations_histogram_seconds_sum	8790.279868499065
1786701141	juicefs_object_request_durations_histogram_seconds_PUT_total	546408
1786701141	juicefs_object_request_durations_histogram_seconds_PUT_sum	2633.1886572930202
1786701141	juicefs_used_buffer_size_bytes	14680064
1786701142	juicefs_fuse_ops_durations_histogram_seconds_total	510417
1786701142	juicefs_fuse_ops_durations_histogram_seconds_sum	8916.832960394067
1786701142	juicefs_object_request_durations_histogram_seconds_PUT_total	550834
1786701142	juicefs_object_request_durations_histogram_seconds_PUT_sum	2642.475689599033
1786701142	juicefs_used_buffer_size_bytes	10485760
1786701143	juicefs_fuse_ops_durations_histogram_seconds_total	514150
1786701143	juicefs_fuse_ops_durations_histogram_seconds_sum	9043.008000335061
1786701143	juicefs_object_request_durations_histogram_seconds_PUT_total	554962
1786701143	juicefs_object_request_durations_histogram_seconds_PUT_sum	2650.6635331410416
1786701143	juicefs_used_buffer_size_bytes	8650752
1786701144	juicefs_fuse_ops_durations_histogram_seconds_total	517586
1786701144	juicefs_fuse_ops_durations_histogram_seconds_sum	9170.099598627037
1786701144	juicefs_object_request_durations_histogram_seconds_PUT_total	558238
1786701144	juicefs_object_request_durations_histogram_seconds_PUT_sum	2656.9409100380444
1786701144	juicefs_used_buffer_size_bytes	8388608
1786701145	juicefs_fuse_ops_durations_histogram_seconds_total	522127
1786701145	juicefs_fuse_ops_durations_histogram_seconds_sum	9293.987215051067
1786701145	juicefs_object_request_durations_histogram_seconds_PUT_total	562763
1786701145	juicefs_object_request_durations_histogram_seconds_PUT_sum	2666.3596319270423
1786701145	juicefs_used_buffer_size_bytes	8388608
1786701146	juicefs_fuse_ops_durations_histogram_seconds_total	527631
1786701146	juicefs_fuse_ops_durations_histogram_seconds_sum	9422.295420792088
1786701146	juicefs_object_request_durations_histogram_seconds_PUT_total	568512
1786701146	juicefs_object_request_durations_histogram_seconds_PUT_sum	2679.78898941705
1786701146	juicefs_used_buffer_size_bytes	9961472
1786701147	juicefs_fuse_ops_durations_histogram_seconds_total	533872
1786701147	juicefs_fuse_ops_durations_histogram_seconds_sum	9550.05060827306
1786701147	juicefs_object_request_durations_histogram_seconds_PUT_total	574746
1786701147	juicefs_object_request_durations_histogram_seconds_PUT_sum	2694.721055375043
1786701147	juicefs_used_buffer_size_bytes	8650752
1786701148	juicefs_fuse_ops_durations_histogram_seconds_total	540669
1786701148	juicefs_fuse_ops_durations_histogram_seconds_sum	9677.984002827016
1786701148	juicefs_object_request_durations_histogram_seconds_PUT_total	581458
1786701148	juicefs_object_request_durations_histogram_seconds_PUT_sum	2712.060382800056
1786701148	juicefs_used_buffer_size_bytes	27000832
1786701149	juicefs_fuse_ops_durations_histogram_seconds_total	546985
1786701149	juicefs_fuse_ops_durations_histogram_seconds_sum	9804.295245992973
1786701149	juicefs_object_request_durations_histogram_seconds_PUT_total	587880
1786701149	juicefs_object_request_durations_histogram_seconds_PUT_sum	2726.8723916680356
1786701149	juicefs_used_buffer_size_bytes	18612224
1786701150	juicefs_fuse_ops_durations_histogram_seconds_total	551999
1786701150	juicefs_fuse_ops_durations_histogram_seconds_sum	9929.045304882004
1786701150	juicefs_object_request_durations_histogram_seconds_PUT_total	592878
1786701150	juicefs_object_request_durations_histogram_seconds_PUT_sum	2736.913735559029
1786701150	juicefs_used_buffer_size_bytes	26214400
1786701151	juicefs_fuse_ops_durations_histogram_seconds_total	557030
1786701151	juicefs_fuse_ops_durations_histogram_seconds_sum	10052.406885774955
1786701151	juicefs_object_request_durations_histogram_seconds_PUT_total	598269
1786701151	juicefs_object_request_durations_histogram_seconds_PUT_sum	2747.7234652890243
1786701151	juicefs_used_buffer_size_bytes	11272192
1786701152	juicefs_fuse_ops_durations_histogram_seconds_total	562157
1786701152	juicefs_fuse_ops_durations_histogram_seconds_sum	10178.80103088689
1786701152	juicefs_object_request_durations_histogram_seconds_PUT_total	604701
1786701152	juicefs_object_request_durations_histogram_seconds_PUT_sum	2760.190616268038
1786701152	juicefs_used_buffer_size_bytes	9175040
1786701153	juicefs_fuse_ops_durations_histogram_seconds_total	565558
1786701153	juicefs_fuse_ops_durations_histogram_seconds_sum	10303.8281778159
1786701153	juicefs_object_request_durations_histogram_seconds_PUT_total	608294
1786701153	juicefs_object_request_durations_histogram_seconds_PUT_sum	2768.0258780360446
1786701153	juicefs_used_buffer_size_bytes	9699328
1786701154	juicefs_fuse_ops_durations_histogram_seconds_total	569435
1786701154	juicefs_fuse_ops_durations_histogram_seconds_sum	10437.011108089915
1786701154	juicefs_object_request_durations_histogram_seconds_PUT_total	612738
1786701154	juicefs_object_request_durations_histogram_seconds_PUT_sum	2777.4696430370295
1786701154	juicefs_used_buffer_size_bytes	11534336
1786701155	juicefs_fuse_ops_durations_histogram_seconds_total	573423
1786701155	juicefs_fuse_ops_durations_histogram_seconds_sum	10566.74195871295
1786701155	juicefs_object_request_durations_histogram_seconds_PUT_total	616726
1786701155	juicefs_object_request_durations_histogram_seconds_PUT_sum	2786.0211495400245
1786701155	juicefs_used_buffer_size_bytes	8388608
1786701156	juicefs_fuse_ops_durations_histogram_seconds_total	577453
1786701156	juicefs_fuse_ops_durations_histogram_seconds_sum	10688.507083867007
1786701156	juicefs_object_request_durations_histogram_seconds_PUT_total	620744
1786701156	juicefs_object_request_durations_histogram_seconds_PUT_sum	2795.3363209910312
1786701156	juicefs_used_buffer_size_bytes	8650752
1786701157	juicefs_fuse_ops_durations_histogram_seconds_total	581187
1786701157	juicefs_fuse_ops_durations_histogram_seconds_sum	10820.48012008797
1786701157	juicefs_object_request_durations_histogram_seconds_PUT_total	624468
1786701157	juicefs_object_request_durations_histogram_seconds_PUT_sum	2803.563856347019
1786701157	juicefs_used_buffer_size_bytes	8388608
1786701158	juicefs_fuse_ops_durations_histogram_seconds_total	584477
1786701158	juicefs_fuse_ops_durations_histogram_seconds_sum	10948.861225562967
1786701158	juicefs_object_request_durations_histogram_seconds_PUT_total	627747
1786701158	juicefs_object_request_durations_histogram_seconds_PUT_sum	2810.5964331699965
1786701158	juicefs_used_buffer_size_bytes	8388608
1786701159	juicefs_fuse_ops_durations_histogram_seconds_total	588713
1786701159	juicefs_fuse_ops_durations_histogram_seconds_sum	11072.582383751973
1786701159	juicefs_object_request_durations_histogram_seconds_PUT_total	632076
1786701159	juicefs_object_request_durations_histogram_seconds_PUT_sum	2818.9594054589884
1786701159	juicefs_used_buffer_size_bytes	8912896
1786701160	juicefs_fuse_ops_durations_histogram_seconds_total	592744
1786701160	juicefs_fuse_ops_durations_histogram_seconds_sum	11200.617803525958
1786701160	juicefs_object_request_durations_histogram_seconds_PUT_total	636107
1786701160	juicefs_object_request_durations_histogram_seconds_PUT_sum	2827.2856681419694
1786701160	juicefs_used_buffer_size_bytes	11534336
1786701161	juicefs_fuse_ops_durations_histogram_seconds_total	596985
1786701161	juicefs_fuse_ops_durations_histogram_seconds_sum	11326.634371628941
1786701161	juicefs_object_request_durations_histogram_seconds_PUT_total	640328
1786701161	juicefs_object_request_durations_histogram_seconds_PUT_sum	2835.9357858469616
1786701161	juicefs_used_buffer_size_bytes	8388608
1786701162	juicefs_fuse_ops_durations_histogram_seconds_total	601400
1786701162	juicefs_fuse_ops_durations_histogram_seconds_sum	11449.672249216015
1786701162	juicefs_object_request_durations_histogram_seconds_PUT_total	644728
1786701162	juicefs_object_request_durations_histogram_seconds_PUT_sum	2845.456045481971
1786701162	juicefs_used_buffer_size_bytes	8650752
1786701163	juicefs_fuse_ops_durations_histogram_seconds_total	606012
1786701163	juicefs_fuse_ops_durations_histogram_seconds_sum	11578.230654510939
1786701163	juicefs_object_request_durations_histogram_seconds_PUT_total	649575
1786701163	juicefs_object_request_durations_histogram_seconds_PUT_sum	2855.529189873981
1786701163	juicefs_used_buffer_size_bytes	11272192
1786701164	juicefs_fuse_ops_durations_histogram_seconds_total	610126
1786701164	juicefs_fuse_ops_durations_histogram_seconds_sum	11708.395309833964
1786701164	juicefs_object_request_durations_histogram_seconds_PUT_total	653542
1786701164	juicefs_object_request_durations_histogram_seconds_PUT_sum	2864.1241714439807
1786701164	juicefs_used_buffer_size_bytes	8388608
1786701165	juicefs_fuse_ops_durations_histogram_seconds_total	615118
1786701165	juicefs_fuse_ops_durations_histogram_seconds_sum	11835.401015033956
1786701165	juicefs_object_request_durations_histogram_seconds_PUT_total	658509
1786701165	juicefs_object_request_durations_histogram_seconds_PUT_sum	2874.867631677974
1786701165	juicefs_used_buffer_size_bytes	10747904
1786701166	juicefs_fuse_ops_durations_histogram_seconds_total	620038
1786701166	juicefs_fuse_ops_durations_histogram_seconds_sum	11975.400478558897
1786701166	juicefs_object_request_durations_histogram_seconds_PUT_total	663688
1786701166	juicefs_object_request_durations_histogram_seconds_PUT_sum	2885.8526029219656
1786701166	juicefs_used_buffer_size_bytes	8388608
1786701167	juicefs_fuse_ops_durations_histogram_seconds_total	625253
1786701167	juicefs_fuse_ops_durations_histogram_seconds_sum	12103.559835232934
1786701167	juicefs_object_request_durations_histogram_seconds_PUT_total	669147
1786701167	juicefs_object_request_durations_histogram_seconds_PUT_sum	2898.263404552952
1786701167	juicefs_used_buffer_size_bytes	8650752
1786701168	juicefs_fuse_ops_durations_histogram_seconds_total	630088
1786701168	juicefs_fuse_ops_durations_histogram_seconds_sum	12229.213442693926
1786701168	juicefs_object_request_durations_histogram_seconds_PUT_total	673972
1786701168	juicefs_object_request_durations_histogram_seconds_PUT_sum	2908.7213218779425
1786701168	juicefs_used_buffer_size_bytes	8388608
1786701169	juicefs_fuse_ops_durations_histogram_seconds_total	635863
1786701169	juicefs_fuse_ops_durations_histogram_seconds_sum	12353.362084810935
1786701169	juicefs_object_request_durations_histogram_seconds_PUT_total	679586
1786701169	juicefs_object_request_durations_histogram_seconds_PUT_sum	2919.755444651965
1786701169	juicefs_used_buffer_size_bytes	8388608
1786701170	juicefs_fuse_ops_durations_histogram_seconds_total	640066
1786701170	juicefs_fuse_ops_durations_histogram_seconds_sum	12479.781613795929
1786701170	juicefs_object_request_durations_histogram_seconds_PUT_total	683778
1786701170	juicefs_object_request_durations_histogram_seconds_PUT_sum	2927.8029216729683
1786701170	juicefs_used_buffer_size_bytes	8388608
1786701171	juicefs_fuse_ops_durations_histogram_seconds_total	645300
1786701171	juicefs_fuse_ops_durations_histogram_seconds_sum	12605.4081115469
1786701171	juicefs_object_request_durations_histogram_seconds_PUT_total	689909
1786701171	juicefs_object_request_durations_histogram_seconds_PUT_sum	2940.447812048964
1786701171	juicefs_used_buffer_size_bytes	8912896
1786701172	juicefs_fuse_ops_durations_histogram_seconds_total	649482
1786701172	juicefs_fuse_ops_durations_histogram_seconds_sum	12732.650748200933
1786701172	juicefs_object_request_durations_histogram_seconds_PUT_total	694196
1786701172	juicefs_object_request_durations_histogram_seconds_PUT_sum	2949.3771588279715
1786701172	juicefs_used_buffer_size_bytes	8388608
1786701173	juicefs_fuse_ops_durations_histogram_seconds_total	653078
1786701173	juicefs_fuse_ops_durations_histogram_seconds_sum	12857.803343204945
1786701173	juicefs_object_request_durations_histogram_seconds_PUT_total	698548
1786701173	juicefs_object_request_durations_histogram_seconds_PUT_sum	2957.2296326119695
1786701173	juicefs_used_buffer_size_bytes	8650752
1786701175	juicefs_fuse_ops_durations_histogram_seconds_total	657310
1786701175	juicefs_fuse_ops_durations_histogram_seconds_sum	12983.180268106868
1786701175	juicefs_object_request_durations_histogram_seconds_PUT_total	702603
1786701175	juicefs_object_request_durations_histogram_seconds_PUT_sum	2964.934670652952
1786701175	juicefs_used_buffer_size_bytes	12058624
1786701176	juicefs_fuse_ops_durations_histogram_seconds_total	661270
1786701176	juicefs_fuse_ops_durations_histogram_seconds_sum	13107.256976603861
1786701176	juicefs_object_request_durations_histogram_seconds_PUT_total	706569
1786701176	juicefs_object_request_durations_histogram_seconds_PUT_sum	2972.923213085947
1786701176	juicefs_used_buffer_size_bytes	8388608
1786701177	juicefs_fuse_ops_durations_histogram_seconds_total	665513
1786701177	juicefs_fuse_ops_durations_histogram_seconds_sum	13234.17739024183
1786701177	juicefs_object_request_durations_histogram_seconds_PUT_total	710798
1786701177	juicefs_object_request_durations_histogram_seconds_PUT_sum	2982.0561092229486
1786701177	juicefs_used_buffer_size_bytes	8650752
1786701178	juicefs_fuse_ops_durations_histogram_seconds_total	669228
1786701178	juicefs_fuse_ops_durations_histogram_seconds_sum	13356.983069597847
1786701178	juicefs_object_request_durations_histogram_seconds_PUT_total	714492
1786701178	juicefs_object_request_durations_histogram_seconds_PUT_sum	2989.4305303549354
1786701178	juicefs_used_buffer_size_bytes	10223616
1786701179	juicefs_fuse_ops_durations_histogram_seconds_total	673849
1786701179	juicefs_fuse_ops_durations_histogram_seconds_sum	13481.198397198832
1786701179	juicefs_object_request_durations_histogram_seconds_PUT_total	719370
1786701179	juicefs_object_request_durations_histogram_seconds_PUT_sum	2999.106486616937
1786701179	juicefs_used_buffer_size_bytes	8650752
1786701180	juicefs_fuse_ops_durations_histogram_seconds_total	678635
1786701180	juicefs_fuse_ops_durations_histogram_seconds_sum	13608.189931000834
1786701180	juicefs_object_request_durations_histogram_seconds_PUT_total	723996
1786701180	juicefs_object_request_durations_histogram_seconds_PUT_sum	3009.183742294942
1786701180	juicefs_used_buffer_size_bytes	8388608
1786701181	juicefs_fuse_ops_durations_histogram_seconds_total	682362
1786701181	juicefs_fuse_ops_durations_histogram_seconds_sum	13737.852797386857
1786701181	juicefs_object_request_durations_histogram_seconds_PUT_total	727711
1786701181	juicefs_object_request_durations_histogram_seconds_PUT_sum	3018.242415628946
1786701181	juicefs_used_buffer_size_bytes	8388608
1786701182	juicefs_fuse_ops_durations_histogram_seconds_total	686099
1786701182	juicefs_fuse_ops_durations_histogram_seconds_sum	13881.307630507854
1786701182	juicefs_object_request_durations_histogram_seconds_PUT_total	731686
1786701182	juicefs_object_request_durations_histogram_seconds_PUT_sum	3025.466529723941
1786701182	juicefs_used_buffer_size_bytes	9175040
1786701183	juicefs_fuse_ops_durations_histogram_seconds_total	690722
1786701183	juicefs_fuse_ops_durations_histogram_seconds_sum	14008.54344527193
1786701183	juicefs_object_request_durations_histogram_seconds_PUT_total	736317
1786701183	juicefs_object_request_durations_histogram_seconds_PUT_sum	3034.1406062049496
1786701183	juicefs_used_buffer_size_bytes	8912896
1786701184	juicefs_fuse_ops_durations_histogram_seconds_total	696168
1786701184	juicefs_fuse_ops_durations_histogram_seconds_sum	14133.266360197882
1786701184	juicefs_object_request_durations_histogram_seconds_PUT_total	741988
1786701184	juicefs_object_request_durations_histogram_seconds_PUT_sum	3045.3091803839648
1786701184	juicefs_used_buffer_size_bytes	10747904
1786701185	juicefs_fuse_ops_durations_histogram_seconds_total	700984
1786701185	juicefs_fuse_ops_durations_histogram_seconds_sum	14268.297030889878
1786701185	juicefs_object_request_durations_histogram_seconds_PUT_total	747164
1786701185	juicefs_object_request_durations_histogram_seconds_PUT_sum	3055.3222079459706
1786701185	juicefs_used_buffer_size_bytes	8388608
1786701186	juicefs_fuse_ops_durations_histogram_seconds_total	705622
1786701186	juicefs_fuse_ops_durations_histogram_seconds_sum	14398.362692353887
1786701186	juicefs_object_request_durations_histogram_seconds_PUT_total	752047
1786701186	juicefs_object_request_durations_histogram_seconds_PUT_sum	3065.205303156987
1786701186	juicefs_used_buffer_size_bytes	8388608
1786701187	juicefs_fuse_ops_durations_histogram_seconds_total	710055
1786701187	juicefs_fuse_ops_durations_histogram_seconds_sum	14531.741052501906
1786701187	juicefs_object_request_durations_histogram_seconds_PUT_total	756469
1786701187	juicefs_object_request_durations_histogram_seconds_PUT_sum	3074.034705822987
1786701187	juicefs_used_buffer_size_bytes	8388608
1786701188	juicefs_fuse_ops_durations_histogram_seconds_total	715487
1786701188	juicefs_fuse_ops_durations_histogram_seconds_sum	14663.399678982867
1786701188	juicefs_object_request_durations_histogram_seconds_PUT_total	761881
1786701188	juicefs_object_request_durations_histogram_seconds_PUT_sum	3084.6771407359756
1786701188	juicefs_used_buffer_size_bytes	11010048
1786701189	juicefs_fuse_ops_durations_histogram_seconds_total	720289
1786701189	juicefs_fuse_ops_durations_histogram_seconds_sum	14791.519400583828
1786701189	juicefs_object_request_durations_histogram_seconds_PUT_total	767497
1786701189	juicefs_object_request_durations_histogram_seconds_PUT_sum	3095.998098881989
1786701189	juicefs_used_buffer_size_bytes	10223616
1786701190	juicefs_fuse_ops_durations_histogram_seconds_total	724206
1786701190	juicefs_fuse_ops_durations_histogram_seconds_sum	14918.725674907802
1786701190	juicefs_object_request_durations_histogram_seconds_PUT_total	771461
1786701190	juicefs_object_request_durations_histogram_seconds_PUT_sum	3102.9239433239864
1786701190	juicefs_used_buffer_size_bytes	8388608
1786701191	juicefs_fuse_ops_durations_histogram_seconds_total	728040
1786701191	juicefs_fuse_ops_durations_histogram_seconds_sum	15039.341729053873
1786701191	juicefs_object_request_durations_histogram_seconds_PUT_total	775540
1786701191	juicefs_object_request_durations_histogram_seconds_PUT_sum	3110.2184486019805
1786701191	juicefs_used_buffer_size_bytes	8388608
1786701192	juicefs_fuse_ops_durations_histogram_seconds_total	728051
1786701192	juicefs_fuse_ops_durations_histogram_seconds_sum	15039.345629166874
1786701192	juicefs_object_request_durations_histogram_seconds_PUT_total	775796
1786701192	juicefs_object_request_durations_histogram_seconds_PUT_sum	3110.5165361379836
1786701192	juicefs_used_buffer_size_bytes	8388608
1786701193	juicefs_fuse_ops_durations_histogram_seconds_total	728062
1786701193	juicefs_fuse_ops_durations_histogram_seconds_sum	15039.34931807787
1786701193	juicefs_object_request_durations_histogram_seconds_PUT_total	776052
1786701193	juicefs_object_request_durations_histogram_seconds_PUT_sum	3110.810490644983
1786701193	juicefs_used_buffer_size_bytes	8388608
1786701194	juicefs_fuse_ops_durations_histogram_seconds_total	728073
1786701194	juicefs_fuse_ops_durations_histogram_seconds_sum	15039.352852816866
1786701194	juicefs_object_request_durations_histogram_seconds_PUT_total	776052
1786701194	juicefs_object_request_durations_histogram_seconds_PUT_sum	3110.810490644983
1786701194	juicefs_used_buffer_size_bytes	8388608
1786701195	juicefs_fuse_ops_durations_histogram_seconds_total	728234
1786701195	juicefs_fuse_ops_durations_histogram_seconds_sum	15039.399111941866
1786701195	juicefs_object_request_durations_histogram_seconds_PUT_total	776052
1786701195	juicefs_object_request_durations_histogram_seconds_PUT_sum	3110.810490644983
1786701195	juicefs_used_buffer_size_bytes	8388608
1786701196	juicefs_fuse_ops_durations_histogram_seconds_total	728245
1786701196	juicefs_fuse_ops_durations_histogram_seconds_sum	15039.402473161865
1786701196	juicefs_object_request_durations_histogram_seconds_PUT_total	776308
1786701196	juicefs_object_request_durations_histogram_seconds_PUT_sum	3111.1334296149844
1786701196	juicefs_used_buffer_size_bytes	8388608
1786701197	juicefs_fuse_ops_durations_histogram_seconds_total	728256
1786701197	juicefs_fuse_ops_durations_histogram_seconds_sum	15039.406215330864
1786701197	juicefs_object_request_durations_histogram_seconds_PUT_total	776308
1786701197	juicefs_object_request_durations_histogram_seconds_PUT_sum	3111.1334296149844
1786701197	juicefs_used_buffer_size_bytes	8388608
1786701198	juicefs_fuse_ops_durations_histogram_seconds_total	728267
1786701198	juicefs_fuse_ops_durations_histogram_seconds_sum	15039.409799335865
1786701198	juicefs_object_request_durations_histogram_seconds_PUT_total	776820
1786701198	juicefs_object_request_durations_histogram_seconds_PUT_sum	3111.7317751929827
1786701198	juicefs_used_buffer_size_bytes	8388608
1786701199	juicefs_fuse_ops_durations_histogram_seconds_total	728278
1786701199	juicefs_fuse_ops_durations_histogram_seconds_sum	15039.413646155865
1786701199	juicefs_object_request_durations_histogram_seconds_PUT_total	777076
1786701199	juicefs_object_request_durations_histogram_seconds_PUT_sum	3112.0252766619806
1786701199	juicefs_used_buffer_size_bytes	8388608
1786701200	juicefs_fuse_ops_durations_histogram_seconds_total	728439
1786701200	juicefs_fuse_ops_durations_histogram_seconds_sum	15039.462561718863
1786701200	juicefs_object_request_durations_histogram_seconds_PUT_total	777076
1786701200	juicefs_object_request_durations_histogram_seconds_PUT_sum	3112.0252766619806
1786701200	juicefs_used_buffer_size_bytes	8388608
