ts	key	value
1786879397	juicefs_fuse_ops_durations_histogram_seconds_total	188
1786879397	juicefs_fuse_ops_durations_histogram_seconds_sum	0.058366103999999995
1786879397	juicefs_used_buffer_size_bytes	0
1786879398	juicefs_fuse_ops_durations_histogram_seconds_total	8951
1786879398	juicefs_fuse_ops_durations_histogram_seconds_sum	31.88524633000014
1786879398	juicefs_fuse_ops_total_write	8366
1786879398	juicefs_object_request_durations_histogram_seconds_PUT_total	7520
1786879398	juicefs_object_request_durations_histogram_seconds_PUT_sum	57.81301278800008
1786879398	juicefs_used_buffer_size_bytes	308281344
1786879399	juicefs_fuse_ops_durations_histogram_seconds_total	22645
1786879399	juicefs_fuse_ops_durations_histogram_seconds_sum	154.4997628220002
1786879399	juicefs_fuse_ops_total_write	21898
1786879399	juicefs_object_request_durations_histogram_seconds_PUT_total	22359
1786879399	juicefs_object_request_durations_histogram_seconds_PUT_sum	207.9159087760022
1786879399	juicefs_used_buffer_size_bytes	364118016
1786879400	juicefs_fuse_ops_durations_histogram_seconds_total	35371
1786879400	juicefs_fuse_ops_durations_histogram_seconds_sum	274.195213956001
1786879400	juicefs_fuse_ops_total_write	34647
1786879400	juicefs_object_request_durations_histogram_seconds_PUT_total	36922
1786879400	juicefs_object_request_durations_histogram_seconds_PUT_sum	359.3699009439997
1786879400	juicefs_used_buffer_size_bytes	308805632
1786879402	juicefs_fuse_ops_durations_histogram_seconds_total	52325
1786879402	juicefs_fuse_ops_durations_histogram_seconds_sum	386.29043401899986
1786879402	juicefs_fuse_ops_total_write	51552
1786879402	juicefs_object_request_durations_histogram_seconds_PUT_total	54874
1786879402	juicefs_object_request_durations_histogram_seconds_PUT_sum	509.9632226320039
1786879402	juicefs_used_buffer_size_bytes	312213504
1786879403	juicefs_fuse_ops_durations_histogram_seconds_total	67709
1786879403	juicefs_fuse_ops_durations_histogram_seconds_sum	500.70298176899917
1786879403	juicefs_fuse_ops_total_write	66927
1786879403	juicefs_object_request_durations_histogram_seconds_PUT_total	71710
1786879403	juicefs_object_request_durations_histogram_seconds_PUT_sum	661.7773891570063
1786879403	juicefs_used_buffer_size_bytes	314572800
1786879404	juicefs_fuse_ops_durations_histogram_seconds_total	83220
1786879404	juicefs_fuse_ops_durations_histogram_seconds_sum	610.1251988209962
1786879404	juicefs_fuse_ops_total_write	82425
1786879404	juicefs_object_request_durations_histogram_seconds_PUT_total	88788
1786879404	juicefs_object_request_durations_histogram_seconds_PUT_sum	805.781721014998
1786879404	juicefs_used_buffer_size_bytes	310378496
1786879405	juicefs_fuse_ops_durations_histogram_seconds_total	100474
1786879405	juicefs_fuse_ops_durations_histogram_seconds_sum	715.6894349090006
1786879405	juicefs_fuse_ops_total_write	99522
1786879405	juicefs_object_request_durations_histogram_seconds_PUT_total	106931
1786879405	juicefs_object_request_durations_histogram_seconds_PUT_sum	955.9048284869988
1786879405	juicefs_used_buffer_size_bytes	309329920
1786879406	juicefs_fuse_ops_durations_histogram_seconds_total	116642
1786879406	juicefs_fuse_ops_durations_histogram_seconds_sum	827.6831617859983
1786879406	juicefs_fuse_ops_total_write	115679
1786879406	juicefs_object_request_durations_histogram_seconds_PUT_total	124412
1786879406	juicefs_object_request_durations_histogram_seconds_PUT_sum	1106.6838945509953
1786879406	juicefs_used_buffer_size_bytes	312999936
1786879407	juicefs_fuse_ops_durations_histogram_seconds_total	130437
1786879407	juicefs_fuse_ops_durations_histogram_seconds_sum	946.3279732899971
1786879407	juicefs_fuse_ops_total_write	129473
1786879407	juicefs_object_request_durations_histogram_seconds_PUT_total	140145
1786879407	juicefs_object_request_durations_histogram_seconds_PUT_sum	1253.1694047889944
1786879407	juicefs_used_buffer_size_bytes	317718528
1786879408	juicefs_fuse_ops_durations_histogram_seconds_total	144481
1786879408	juicefs_fuse_ops_durations_histogram_seconds_sum	1060.820761816995
1786879408	juicefs_fuse_ops_total_write	143493
1786879408	juicefs_object_request_durations_histogram_seconds_PUT_total	155474
1786879408	juicefs_object_request_durations_histogram_seconds_PUT_sum	1392.9364991920122
1786879408	juicefs_used_buffer_size_bytes	282066944
1786879409	juicefs_fuse_ops_durations_histogram_seconds_total	161212
1786879409	juicefs_fuse_ops_durations_histogram_seconds_sum	1172.5466820449903
1786879409	juicefs_fuse_ops_total_write	160212
1786879409	juicefs_object_request_durations_histogram_seconds_PUT_total	173022
1786879409	juicefs_object_request_durations_histogram_seconds_PUT_sum	1535.607756685015
1786879409	juicefs_used_buffer_size_bytes	308281344
1786879410	juicefs_fuse_ops_durations_histogram_seconds_total	177835
1786879410	juicefs_fuse_ops_durations_histogram_seconds_sum	1278.6360140229951
1786879410	juicefs_fuse_ops_total_write	176671
1786879410	juicefs_object_request_durations_histogram_seconds_PUT_total	190529
1786879410	juicefs_object_request_durations_histogram_seconds_PUT_sum	1680.6296056290028
1786879410	juicefs_used_buffer_size_bytes	317456384
1786879411	juicefs_fuse_ops_durations_histogram_seconds_total	193695
1786879411	juicefs_fuse_ops_durations_histogram_seconds_sum	1386.0352492969996
1786879411	juicefs_fuse_ops_total_write	192547
1786879411	juicefs_object_request_durations_histogram_seconds_PUT_total	207887
1786879411	juicefs_object_request_durations_histogram_seconds_PUT_sum	1820.2738868079925
1786879411	juicefs_used_buffer_size_bytes	190054400
1786879412	juicefs_fuse_ops_durations_histogram_seconds_total	203971
1786879412	juicefs_fuse_ops_durations_histogram_seconds_sum	1501.0724509549996
1786879412	juicefs_fuse_ops_total_write	202792
1786879412	juicefs_object_request_durations_histogram_seconds_PUT_total	220440
1786879412	juicefs_object_request_durations_histogram_seconds_PUT_sum	1906.9894656199913
1786879412	juicefs_used_buffer_size_bytes	11534336
1786879413	juicefs_fuse_ops_durations_histogram_seconds_total	208739
1786879413	juicefs_fuse_ops_durations_histogram_seconds_sum	1637.8452342719986
1786879413	juicefs_fuse_ops_total_write	207548
1786879413	juicefs_object_request_durations_histogram_seconds_PUT_total	226994
1786879413	juicefs_object_request_durations_histogram_seconds_PUT_sum	1921.618655317995
1786879413	juicefs_used_buffer_size_bytes	11796480
1786879414	juicefs_fuse_ops_durations_histogram_seconds_total	213145
1786879414	juicefs_fuse_ops_durations_histogram_seconds_sum	1766.3682890619937
1786879414	juicefs_fuse_ops_total_write	211944
1786879414	juicefs_object_request_durations_histogram_seconds_PUT_total	233704
1786879414	juicefs_object_request_durations_histogram_seconds_PUT_sum	1935.8873900419937
1786879414	juicefs_used_buffer_size_bytes	8388608
1786879415	juicefs_fuse_ops_durations_histogram_seconds_total	215780
1786879415	juicefs_fuse_ops_durations_histogram_seconds_sum	1894.123385520993
1786879415	juicefs_fuse_ops_total_write	214418
1786879415	juicefs_object_request_durations_histogram_seconds_PUT_total	238651
1786879415	juicefs_object_request_durations_histogram_seconds_PUT_sum	1945.5740036889906
1786879415	juicefs_used_buffer_size_bytes	11010048
1786879416	juicefs_fuse_ops_durations_histogram_seconds_total	218670
1786879416	juicefs_fuse_ops_durations_histogram_seconds_sum	2022.3162975169937
1786879416	juicefs_fuse_ops_total_write	217294
1786879416	juicefs_object_request_durations_histogram_seconds_PUT_total	243692
1786879416	juicefs_object_request_durations_histogram_seconds_PUT_sum	1956.3403179119905
1786879416	juicefs_used_buffer_size_bytes	19922944
1786879417	juicefs_fuse_ops_durations_histogram_seconds_total	222171
1786879417	juicefs_fuse_ops_durations_histogram_seconds_sum	2146.6371196969903
1786879417	juicefs_fuse_ops_total_write	220786
1786879417	juicefs_object_request_durations_histogram_seconds_PUT_total	249100
1786879417	juicefs_object_request_durations_histogram_seconds_PUT_sum	1965.5332799749874
1786879417	juicefs_used_buffer_size_bytes	13369344
1786879418	juicefs_fuse_ops_durations_histogram_seconds_total	224381
1786879418	juicefs_fuse_ops_durations_histogram_seconds_sum	2278.7280838919874
1786879418	juicefs_fuse_ops_total_write	222985
1786879418	juicefs_object_request_durations_histogram_seconds_PUT_total	253693
1786879418	juicefs_object_request_durations_histogram_seconds_PUT_sum	1973.9474190319959
1786879418	juicefs_used_buffer_size_bytes	9437184
1786879419	juicefs_fuse_ops_durations_histogram_seconds_total	226224
1786879419	juicefs_fuse_ops_durations_histogram_seconds_sum	2402.1432332959744
1786879419	juicefs_fuse_ops_total_write	224817
1786879419	juicefs_object_request_durations_histogram_seconds_PUT_total	257073
1786879419	juicefs_object_request_durations_histogram_seconds_PUT_sum	1979.5791973139967
1786879419	juicefs_used_buffer_size_bytes	8388608
1786879420	juicefs_fuse_ops_durations_histogram_seconds_total	228279
1786879420	juicefs_fuse_ops_durations_histogram_seconds_sum	2522.577343327976
1786879420	juicefs_fuse_ops_total_write	226711
1786879420	juicefs_object_request_durations_histogram_seconds_PUT_total	258967
1786879420	juicefs_object_request_durations_histogram_seconds_PUT_sum	1983.2531380930031
1786879420	juicefs_used_buffer_size_bytes	8388608
1786879421	juicefs_fuse_ops_durations_histogram_seconds_total	230272
1786879421	juicefs_fuse_ops_durations_histogram_seconds_sum	2656.022008787971
1786879421	juicefs_fuse_ops_total_write	228693
1786879421	juicefs_object_request_durations_histogram_seconds_PUT_total	260943
1786879421	juicefs_object_request_durations_histogram_seconds_PUT_sum	1986.7194653800036
1786879421	juicefs_used_buffer_size_bytes	12320768
1786879422	juicefs_fuse_ops_durations_histogram_seconds_total	232900
1786879422	juicefs_fuse_ops_durations_histogram_seconds_sum	2777.953834172974
1786879422	juicefs_fuse_ops_total_write	231310
1786879422	juicefs_object_request_durations_histogram_seconds_PUT_total	263822
1786879422	juicefs_object_request_durations_histogram_seconds_PUT_sum	1991.8329502059964
1786879422	juicefs_used_buffer_size_bytes	8388608
1786879423	juicefs_fuse_ops_durations_histogram_seconds_total	235505
1786879423	juicefs_fuse_ops_durations_histogram_seconds_sum	2897.318531451977
1786879423	juicefs_fuse_ops_total_write	233903
1786879423	juicefs_object_request_durations_histogram_seconds_PUT_total	266661
1786879423	juicefs_object_request_durations_histogram_seconds_PUT_sum	1996.9515085769958
1786879423	juicefs_used_buffer_size_bytes	10747904
1786879424	juicefs_fuse_ops_durations_histogram_seconds_total	237309
1786879424	juicefs_fuse_ops_durations_histogram_seconds_sum	3019.777838052986
1786879424	juicefs_fuse_ops_total_write	235697
1786879424	juicefs_object_request_durations_histogram_seconds_PUT_total	269044
1786879424	juicefs_object_request_durations_histogram_seconds_PUT_sum	2000.7779448099973
1786879424	juicefs_used_buffer_size_bytes	9175040
1786879425	juicefs_fuse_ops_durations_histogram_seconds_total	241805
1786879425	juicefs_fuse_ops_durations_histogram_seconds_sum	3135.009640776988
1786879425	juicefs_fuse_ops_total_write	240032
1786879425	juicefs_object_request_durations_histogram_seconds_PUT_total	274136
1786879425	juicefs_object_request_durations_histogram_seconds_PUT_sum	2011.325187705003
1786879425	juicefs_used_buffer_size_bytes	9437184
1786879426	juicefs_fuse_ops_durations_histogram_seconds_total	248556
1786879426	juicefs_fuse_ops_durations_histogram_seconds_sum	3257.811240482974
1786879426	juicefs_fuse_ops_total_write	246771
1786879426	juicefs_object_request_durations_histogram_seconds_PUT_total	281900
1786879426	juicefs_object_request_durations_histogram_seconds_PUT_sum	2030.9938937820086
1786879426	juicefs_used_buffer_size_bytes	12320768
1786879427	juicefs_fuse_ops_durations_histogram_seconds_total	252134
1786879427	juicefs_fuse_ops_durations_histogram_seconds_sum	3368.0842623189765
1786879427	juicefs_fuse_ops_total_write	250339
1786879427	juicefs_object_request_durations_histogram_seconds_PUT_total	286039
1786879427	juicefs_object_request_durations_histogram_seconds_PUT_sum	2036.979047004009
1786879427	juicefs_used_buffer_size_bytes	11010048
1786879428	juicefs_fuse_ops_durations_histogram_seconds_total	255561
1786879428	juicefs_fuse_ops_durations_histogram_seconds_sum	3476.951047170981
1786879428	juicefs_fuse_ops_total_write	253755
1786879428	juicefs_object_request_durations_histogram_seconds_PUT_total	290092
1786879428	juicefs_object_request_durations_histogram_seconds_PUT_sum	2044.6891581480056
1786879428	juicefs_used_buffer_size_bytes	11796480
1786879429	juicefs_fuse_ops_durations_histogram_seconds_total	258540
1786879429	juicefs_fuse_ops_durations_histogram_seconds_sum	3585.8996139439896
1786879429	juicefs_fuse_ops_total_write	256723
1786879429	juicefs_object_request_durations_histogram_seconds_PUT_total	293587
1786879429	juicefs_object_request_durations_histogram_seconds_PUT_sum	2050.0699794580014
1786879429	juicefs_used_buffer_size_bytes	8388608
1786879430	juicefs_fuse_ops_durations_histogram_seconds_total	260872
1786879430	juicefs_fuse_ops_durations_histogram_seconds_sum	3704.6107917669874
1786879430	juicefs_fuse_ops_total_write	258894
1786879430	juicefs_object_request_durations_histogram_seconds_PUT_total	296270
1786879430	juicefs_object_request_durations_histogram_seconds_PUT_sum	2054.1920744500057
1786879430	juicefs_used_buffer_size_bytes	8388608
1786879431	juicefs_fuse_ops_durations_histogram_seconds_total	263606
1786879431	juicefs_fuse_ops_durations_histogram_seconds_sum	3805.025925600985
1786879431	juicefs_fuse_ops_total_write	261617
1786879431	juicefs_object_request_durations_histogram_seconds_PUT_total	299280
1786879431	juicefs_object_request_durations_histogram_seconds_PUT_sum	2058.3555718309967
1786879431	juicefs_used_buffer_size_bytes	9175040
1786879432	juicefs_fuse_ops_durations_histogram_seconds_total	265857
1786879432	juicefs_fuse_ops_durations_histogram_seconds_sum	3915.3335661449823
1786879432	juicefs_fuse_ops_total_write	263857
1786879432	juicefs_object_request_durations_histogram_seconds_PUT_total	301736
1786879432	juicefs_object_request_durations_histogram_seconds_PUT_sum	2062.082454908998
1786879432	juicefs_used_buffer_size_bytes	10223616
1786879433	juicefs_fuse_ops_durations_histogram_seconds_total	269202
1786879433	juicefs_fuse_ops_durations_histogram_seconds_sum	4016.49144018098
1786879433	juicefs_fuse_ops_total_write	267191
1786879433	juicefs_object_request_durations_histogram_seconds_PUT_total	305759
1786879433	juicefs_object_request_durations_histogram_seconds_PUT_sum	2068.1088670730023
1786879433	juicefs_used_buffer_size_bytes	17563648
1786879434	juicefs_fuse_ops_durations_histogram_seconds_total	272559
1786879434	juicefs_fuse_ops_durations_histogram_seconds_sum	4115.081364752982
1786879434	juicefs_fuse_ops_total_write	270537
1786879434	juicefs_object_request_durations_histogram_seconds_PUT_total	309903
1786879434	juicefs_object_request_durations_histogram_seconds_PUT_sum	2074.765889517989
1786879434	juicefs_used_buffer_size_bytes	9699328
1786879435	juicefs_fuse_ops_durations_histogram_seconds_total	275506
1786879435	juicefs_fuse_ops_durations_histogram_seconds_sum	4209.980223617004
1786879435	juicefs_fuse_ops_total_write	273322
1786879435	juicefs_object_request_durations_histogram_seconds_PUT_total	313252
1786879435	juicefs_object_request_durations_histogram_seconds_PUT_sum	2079.824106194993
1786879435	juicefs_used_buffer_size_bytes	9961472
1786879436	juicefs_fuse_ops_durations_histogram_seconds_total	277407
1786879436	juicefs_fuse_ops_durations_histogram_seconds_sum	4299.9802747810145
1786879436	juicefs_fuse_ops_total_write	275213
1786879436	juicefs_object_request_durations_histogram_seconds_PUT_total	315917
1786879436	juicefs_object_request_durations_histogram_seconds_PUT_sum	2083.3594536230003
1786879436	juicefs_used_buffer_size_bytes	8388608
1786879437	juicefs_fuse_ops_durations_histogram_seconds_total	279986
1786879437	juicefs_fuse_ops_durations_histogram_seconds_sum	4398.250973942004
1786879437	juicefs_fuse_ops_total_write	277781
1786879437	juicefs_object_request_durations_histogram_seconds_PUT_total	318741
1786879437	juicefs_object_request_durations_histogram_seconds_PUT_sum	2088.066935164991
1786879437	juicefs_used_buffer_size_bytes	8388608
1786879438	juicefs_fuse_ops_durations_histogram_seconds_total	282718
1786879438	juicefs_fuse_ops_durations_histogram_seconds_sum	4487.529907455992
1786879438	juicefs_fuse_ops_total_write	280502
1786879438	juicefs_object_request_durations_histogram_seconds_PUT_total	322202
1786879438	juicefs_object_request_durations_histogram_seconds_PUT_sum	2094.290880334989
1786879438	juicefs_used_buffer_size_bytes	10485760
1786879439	juicefs_fuse_ops_durations_histogram_seconds_total	285099
1786879439	juicefs_fuse_ops_durations_histogram_seconds_sum	4574.924471993
1786879439	juicefs_fuse_ops_total_write	282872
1786879439	juicefs_object_request_durations_histogram_seconds_PUT_total	325522
1786879439	juicefs_object_request_durations_histogram_seconds_PUT_sum	2099.5603677979993
1786879439	juicefs_used_buffer_size_bytes	9437184
1786879440	juicefs_fuse_ops_durations_histogram_seconds_total	287932
1786879440	juicefs_fuse_ops_durations_histogram_seconds_sum	4658.734650144011
1786879440	juicefs_fuse_ops_total_write	285544
1786879440	juicefs_object_request_durations_histogram_seconds_PUT_total	329064
1786879440	juicefs_object_request_durations_histogram_seconds_PUT_sum	2105.4431214759993
1786879440	juicefs_used_buffer_size_bytes	8388608
1786879441	juicefs_fuse_ops_durations_histogram_seconds_total	290613
1786879441	juicefs_fuse_ops_durations_histogram_seconds_sum	4735.716540753024
1786879441	juicefs_fuse_ops_total_write	288214
1786879441	juicefs_object_request_durations_histogram_seconds_PUT_total	332373
1786879441	juicefs_object_request_durations_histogram_seconds_PUT_sum	2110.8266786300046
1786879441	juicefs_used_buffer_size_bytes	8912896
1786879442	juicefs_fuse_ops_durations_histogram_seconds_total	292185
1786879442	juicefs_fuse_ops_durations_histogram_seconds_sum	4813.536519760989
1786879442	juicefs_fuse_ops_total_write	289775
1786879442	juicefs_object_request_durations_histogram_seconds_PUT_total	334062
1786879442	juicefs_object_request_durations_histogram_seconds_PUT_sum	2113.721850936007
1786879442	juicefs_used_buffer_size_bytes	8650752
1786879443	juicefs_fuse_ops_durations_histogram_seconds_total	293641
1786879443	juicefs_fuse_ops_durations_histogram_seconds_sum	4893.386768736988
1786879443	juicefs_fuse_ops_total_write	291220
1786879443	juicefs_object_request_durations_histogram_seconds_PUT_total	335508
1786879443	juicefs_object_request_durations_histogram_seconds_PUT_sum	2116.087088215007
1786879443	juicefs_used_buffer_size_bytes	8388608
1786879444	juicefs_fuse_ops_durations_histogram_seconds_total	295008
1786879444	juicefs_fuse_ops_durations_histogram_seconds_sum	4975.301831180988
1786879444	juicefs_fuse_ops_total_write	292587
1786879444	juicefs_object_request_durations_histogram_seconds_PUT_total	336877
1786879444	juicefs_object_request_durations_histogram_seconds_PUT_sum	2118.110462746002
1786879444	juicefs_used_buffer_size_bytes	11010048
1786879445	juicefs_fuse_ops_durations_histogram_seconds_total	297504
1786879445	juicefs_fuse_ops_durations_histogram_seconds_sum	5049.081059779998
1786879445	juicefs_fuse_ops_total_write	294911
1786879445	juicefs_object_request_durations_histogram_seconds_PUT_total	339455
1786879445	juicefs_object_request_durations_histogram_seconds_PUT_sum	2122.472606054995
1786879445	juicefs_used_buffer_size_bytes	8388608
1786879446	juicefs_fuse_ops_durations_histogram_seconds_total	300393
1786879446	juicefs_fuse_ops_durations_histogram_seconds_sum	5126.430163384995
1786879446	juicefs_fuse_ops_total_write	297789
1786879446	juicefs_object_request_durations_histogram_seconds_PUT_total	342792
1786879446	juicefs_object_request_durations_histogram_seconds_PUT_sum	2127.640391005977
1786879446	juicefs_used_buffer_size_bytes	8912896
1786879447	juicefs_fuse_ops_durations_histogram_seconds_total	303516
1786879447	juicefs_fuse_ops_durations_histogram_seconds_sum	5204.556076185966
1786879447	juicefs_fuse_ops_total_write	300901
1786879447	juicefs_object_request_durations_histogram_seconds_PUT_total	346469
1786879447	juicefs_object_request_durations_histogram_seconds_PUT_sum	2133.248988416976
1786879447	juicefs_used_buffer_size_bytes	8388608
1786879448	juicefs_fuse_ops_durations_histogram_seconds_total	305447
1786879448	juicefs_fuse_ops_durations_histogram_seconds_sum	5276.114961645982
1786879448	juicefs_fuse_ops_total_write	302821
1786879448	juicefs_object_request_durations_histogram_seconds_PUT_total	348543
1786879448	juicefs_object_request_durations_histogram_seconds_PUT_sum	2136.5207394269755
1786879448	juicefs_used_buffer_size_bytes	9437184
1786879449	juicefs_fuse_ops_durations_histogram_seconds_total	307344
1786879449	juicefs_fuse_ops_durations_histogram_seconds_sum	5380.1329460839925
1786879449	juicefs_fuse_ops_total_write	304707
1786879449	juicefs_object_request_durations_histogram_seconds_PUT_total	350785
1786879449	juicefs_object_request_durations_histogram_seconds_PUT_sum	2139.791929642974
1786879449	juicefs_used_buffer_size_bytes	8912896
1786879450	juicefs_fuse_ops_durations_histogram_seconds_total	310588
1786879450	juicefs_fuse_ops_durations_histogram_seconds_sum	5455.090214886995
1786879450	juicefs_fuse_ops_total_write	307790
1786879450	juicefs_object_request_durations_histogram_seconds_PUT_total	353870
1786879450	juicefs_object_request_durations_histogram_seconds_PUT_sum	2144.871674018975
1786879450	juicefs_used_buffer_size_bytes	8388608
1786879451	juicefs_fuse_ops_durations_histogram_seconds_total	313788
1786879451	juicefs_fuse_ops_durations_histogram_seconds_sum	5528.195481455001
1786879451	juicefs_fuse_ops_total_write	310978
1786879451	juicefs_object_request_durations_histogram_seconds_PUT_total	357586
1786879451	juicefs_object_request_durations_histogram_seconds_PUT_sum	2151.201836928974
1786879451	juicefs_used_buffer_size_bytes	9699328
1786879452	juicefs_fuse_ops_durations_histogram_seconds_total	317516
1786879452	juicefs_fuse_ops_durations_histogram_seconds_sum	5593.941563123019
1786879452	juicefs_fuse_ops_total_write	314696
1786879452	juicefs_object_request_durations_histogram_seconds_PUT_total	362565
1786879452	juicefs_object_request_durations_histogram_seconds_PUT_sum	2160.2099274749853
1786879452	juicefs_used_buffer_size_bytes	9961472
1786879453	juicefs_fuse_ops_durations_histogram_seconds_total	320558
1786879453	juicefs_fuse_ops_durations_histogram_seconds_sum	5657.659129866028
1786879453	juicefs_fuse_ops_total_write	317727
1786879453	juicefs_object_request_durations_histogram_seconds_PUT_total	366363
1786879453	juicefs_object_request_durations_histogram_seconds_PUT_sum	2166.570331938993
1786879453	juicefs_used_buffer_size_bytes	9437184
1786879454	juicefs_fuse_ops_durations_histogram_seconds_total	324577
1786879454	juicefs_fuse_ops_durations_histogram_seconds_sum	5720.937242608006
1786879454	juicefs_fuse_ops_total_write	321732
1786879454	juicefs_object_request_durations_histogram_seconds_PUT_total	371000
1786879454	juicefs_object_request_durations_histogram_seconds_PUT_sum	2175.1052428419907
1786879454	juicefs_used_buffer_size_bytes	14942208
1786879455	juicefs_fuse_ops_durations_histogram_seconds_total	330521
1786879455	juicefs_fuse_ops_durations_histogram_seconds_sum	5775.718701028995
1786879455	juicefs_fuse_ops_total_write	327518
1786879455	juicefs_object_request_durations_histogram_seconds_PUT_total	378204
1786879455	juicefs_object_request_durations_histogram_seconds_PUT_sum	2189.3589737830052
1786879455	juicefs_used_buffer_size_bytes	8650752
1786879456	juicefs_fuse_ops_durations_histogram_seconds_total	332096
1786879456	juicefs_fuse_ops_durations_histogram_seconds_sum	5829.082778997007
1786879456	juicefs_fuse_ops_total_write	329082
1786879456	juicefs_object_request_durations_histogram_seconds_PUT_total	380269
1786879456	juicefs_object_request_durations_histogram_seconds_PUT_sum	2192.482644527999
1786879456	juicefs_used_buffer_size_bytes	10747904
1786879457	juicefs_fuse_ops_durations_histogram_seconds_total	334068
1786879457	juicefs_fuse_ops_durations_histogram_seconds_sum	5877.250582730002
1786879457	juicefs_fuse_ops_total_write	331043
1786879457	juicefs_object_request_durations_histogram_seconds_PUT_total	382243
1786879457	juicefs_object_request_durations_histogram_seconds_PUT_sum	2195.355647849995
1786879457	juicefs_used_buffer_size_bytes	8388608
1786879458	juicefs_fuse_ops_durations_histogram_seconds_total	335722
1786879458	juicefs_fuse_ops_durations_histogram_seconds_sum	5934.807062783995
1786879458	juicefs_fuse_ops_total_write	332686
1786879458	juicefs_object_request_durations_histogram_seconds_PUT_total	384397
1786879458	juicefs_object_request_durations_histogram_seconds_PUT_sum	2198.423362664
1786879458	juicefs_used_buffer_size_bytes	9699328
1786879459	juicefs_fuse_ops_durations_histogram_seconds_total	337303
1786879459	juicefs_fuse_ops_durations_histogram_seconds_sum	5982.825634253015
1786879459	juicefs_fuse_ops_total_write	334256
1786879459	juicefs_object_request_durations_histogram_seconds_PUT_total	385968
1786879459	juicefs_object_request_durations_histogram_seconds_PUT_sum	2201.0107927779986
1786879459	juicefs_used_buffer_size_bytes	8388608
1786879460	juicefs_fuse_ops_durations_histogram_seconds_total	338694
1786879460	juicefs_fuse_ops_durations_histogram_seconds_sum	6035.904015602003
1786879460	juicefs_fuse_ops_total_write	335486
1786879460	juicefs_object_request_durations_histogram_seconds_PUT_total	387198
1786879460	juicefs_object_request_durations_histogram_seconds_PUT_sum	2202.7987563019997
1786879460	juicefs_used_buffer_size_bytes	8388608
1786879461	juicefs_fuse_ops_durations_histogram_seconds_total	340125
1786879461	juicefs_fuse_ops_durations_histogram_seconds_sum	6086.248900247021
1786879461	juicefs_fuse_ops_total_write	336906
1786879461	juicefs_object_request_durations_histogram_seconds_PUT_total	388655
1786879461	juicefs_object_request_durations_histogram_seconds_PUT_sum	2204.9047850869892
1786879461	juicefs_used_buffer_size_bytes	8912896
1786879462	juicefs_fuse_ops_durations_histogram_seconds_total	341732
1786879462	juicefs_fuse_ops_durations_histogram_seconds_sum	6137.153145889027
1786879462	juicefs_fuse_ops_total_write	338511
1786879462	juicefs_object_request_durations_histogram_seconds_PUT_total	390707
1786879462	juicefs_object_request_durations_histogram_seconds_PUT_sum	2207.8700949279832
1786879462	juicefs_used_buffer_size_bytes	11796480
1786879463	juicefs_fuse_ops_durations_histogram_seconds_total	344109
1786879463	juicefs_fuse_ops_durations_histogram_seconds_sum	6183.810916070025
1786879463	juicefs_fuse_ops_total_write	340868
1786879463	juicefs_object_request_durations_histogram_seconds_PUT_total	393901
1786879463	juicefs_object_request_durations_histogram_seconds_PUT_sum	2212.417254918981
1786879463	juicefs_used_buffer_size_bytes	8912896
1786879464	juicefs_fuse_ops_durations_histogram_seconds_total	347532
1786879464	juicefs_fuse_ops_durations_histogram_seconds_sum	6227.92433055302
1786879464	juicefs_fuse_ops_total_write	344278
1786879464	juicefs_object_request_durations_histogram_seconds_PUT_total	398025
1786879464	juicefs_object_request_durations_histogram_seconds_PUT_sum	2219.042907569977
1786879464	juicefs_used_buffer_size_bytes	12058624
1786879465	juicefs_fuse_ops_durations_histogram_seconds_total	351084
1786879465	juicefs_fuse_ops_durations_histogram_seconds_sum	6264.575846081012
1786879465	juicefs_fuse_ops_total_write	347670
1786879465	juicefs_object_request_durations_histogram_seconds_PUT_total	402825
1786879465	juicefs_object_request_durations_histogram_seconds_PUT_sum	2227.1754073639645
1786879465	juicefs_used_buffer_size_bytes	10747904
1786879466	juicefs_fuse_ops_durations_histogram_seconds_total	354528
1786879466	juicefs_fuse_ops_durations_histogram_seconds_sum	6303.9909406340175
1786879466	juicefs_fuse_ops_total_write	351104
1786879466	juicefs_object_request_durations_histogram_seconds_PUT_total	406656
1786879466	juicefs_object_request_durations_histogram_seconds_PUT_sum	2233.128660163966
1786879466	juicefs_used_buffer_size_bytes	8388608
1786879467	juicefs_fuse_ops_durations_histogram_seconds_total	358465
1786879467	juicefs_fuse_ops_durations_histogram_seconds_sum	6339.548822789019
1786879467	juicefs_fuse_ops_total_write	355030
1786879467	juicefs_object_request_durations_histogram_seconds_PUT_total	410825
1786879467	juicefs_object_request_durations_histogram_seconds_PUT_sum	2239.65973377896
1786879467	juicefs_used_buffer_size_bytes	11010048
1786879468	juicefs_fuse_ops_durations_histogram_seconds_total	361061
1786879468	juicefs_fuse_ops_durations_histogram_seconds_sum	6373.609509526022
1786879468	juicefs_fuse_ops_total_write	357615
1786879468	juicefs_object_request_durations_histogram_seconds_PUT_total	413677
1786879468	juicefs_object_request_durations_histogram_seconds_PUT_sum	2243.5298555829627
1786879468	juicefs_used_buffer_size_bytes	8912896
1786879469	juicefs_fuse_ops_durations_histogram_seconds_total	362738
1786879469	juicefs_fuse_ops_durations_histogram_seconds_sum	6405.416744239039
1786879469	juicefs_fuse_ops_total_write	359281
1786879469	juicefs_object_request_durations_histogram_seconds_PUT_total	416101
1786879469	juicefs_object_request_durations_histogram_seconds_PUT_sum	2246.9734679019675
1786879469	juicefs_used_buffer_size_bytes	9437184
1786879470	juicefs_fuse_ops_durations_histogram_seconds_total	365024
1786879470	juicefs_fuse_ops_durations_histogram_seconds_sum	6433.531928683042
1786879470	juicefs_fuse_ops_total_write	361406
1786879470	juicefs_object_request_durations_histogram_seconds_PUT_total	419006
1786879470	juicefs_object_request_durations_histogram_seconds_PUT_sum	2251.110461491971
1786879470	juicefs_used_buffer_size_bytes	8388608
1786879471	juicefs_fuse_ops_durations_histogram_seconds_total	368205
1786879471	juicefs_fuse_ops_durations_histogram_seconds_sum	6459.648445068028
1786879471	juicefs_fuse_ops_total_write	364576
1786879471	juicefs_object_request_durations_histogram_seconds_PUT_total	423132
1786879471	juicefs_object_request_durations_histogram_seconds_PUT_sum	2257.0895379729695
1786879471	juicefs_used_buffer_size_bytes	10747904
1786879472	juicefs_fuse_ops_durations_histogram_seconds_total	370143
1786879472	juicefs_fuse_ops_durations_histogram_seconds_sum	6481.604012158009
1786879472	juicefs_fuse_ops_total_write	366503
1786879472	juicefs_object_request_durations_histogram_seconds_PUT_total	425637
1786879472	juicefs_object_request_durations_histogram_seconds_PUT_sum	2260.5049442719596
1786879472	juicefs_used_buffer_size_bytes	8912896
1786879473	juicefs_fuse_ops_durations_histogram_seconds_total	372289
1786879473	juicefs_fuse_ops_durations_histogram_seconds_sum	6502.550662901022
1786879473	juicefs_fuse_ops_total_write	368638
1786879473	juicefs_object_request_durations_histogram_seconds_PUT_total	427816
1786879473	juicefs_object_request_durations_histogram_seconds_PUT_sum	2263.573287516967
1786879473	juicefs_used_buffer_size_bytes	8912896
1786879474	juicefs_fuse_ops_durations_histogram_seconds_total	374810
1786879474	juicefs_fuse_ops_durations_histogram_seconds_sum	6523.227669624058
1786879474	juicefs_fuse_ops_total_write	371153
1786879474	juicefs_object_request_durations_histogram_seconds_PUT_total	430739
1786879474	juicefs_object_request_durations_histogram_seconds_PUT_sum	2267.8329420909668
1786879474	juicefs_used_buffer_size_bytes	12320768
1786879475	juicefs_fuse_ops_durations_histogram_seconds_total	376323
1786879475	juicefs_fuse_ops_durations_histogram_seconds_sum	6543.616253288037
1786879475	juicefs_fuse_ops_total_write	372500
1786879475	juicefs_object_request_durations_histogram_seconds_PUT_total	432148
1786879475	juicefs_object_request_durations_histogram_seconds_PUT_sum	2269.69388979096
1786879475	juicefs_used_buffer_size_bytes	8388608
1786879476	juicefs_fuse_ops_durations_histogram_seconds_total	378399
1786879476	juicefs_fuse_ops_durations_histogram_seconds_sum	6563.379074353042
1786879476	juicefs_fuse_ops_total_write	374565
1786879476	juicefs_object_request_durations_histogram_seconds_PUT_total	434213
1786879476	juicefs_object_request_durations_histogram_seconds_PUT_sum	2272.5799122789704
1786879476	juicefs_used_buffer_size_bytes	8388608
1786879477	juicefs_fuse_ops_durations_histogram_seconds_total	379849
1786879477	juicefs_fuse_ops_durations_histogram_seconds_sum	6583.42052578803
1786879477	juicefs_fuse_ops_total_write	376004
1786879477	juicefs_object_request_durations_histogram_seconds_PUT_total	435652
1786879477	juicefs_object_request_durations_histogram_seconds_PUT_sum	2274.6188955789635
1786879477	juicefs_used_buffer_size_bytes	8388608
1786879478	juicefs_fuse_ops_durations_histogram_seconds_total	382140
1786879478	juicefs_fuse_ops_durations_histogram_seconds_sum	6602.74148670302
1786879478	juicefs_fuse_ops_total_write	378284
1786879478	juicefs_object_request_durations_histogram_seconds_PUT_total	438183
1786879478	juicefs_object_request_durations_histogram_seconds_PUT_sum	2278.105244303961
1786879478	juicefs_used_buffer_size_bytes	9699328
1786879479	juicefs_fuse_ops_durations_histogram_seconds_total	386188
1786879479	juicefs_fuse_ops_durations_histogram_seconds_sum	6620.668936519022
1786879479	juicefs_fuse_ops_total_write	382321
1786879479	juicefs_object_request_durations_histogram_seconds_PUT_total	442379
1786879479	juicefs_object_request_durations_histogram_seconds_PUT_sum	2284.2321517819682
1786879479	juicefs_used_buffer_size_bytes	8912896
1786879480	juicefs_fuse_ops_durations_histogram_seconds_total	389684
1786879480	juicefs_fuse_ops_durations_histogram_seconds_sum	6637.360241148051
1786879480	juicefs_fuse_ops_total_write	385656
1786879480	juicefs_object_request_durations_histogram_seconds_PUT_total	446407
1786879480	juicefs_object_request_durations_histogram_seconds_PUT_sum	2290.1292856909686
1786879480	juicefs_used_buffer_size_bytes	9699328
1786879481	juicefs_fuse_ops_durations_histogram_seconds_total	391645
1786879481	juicefs_fuse_ops_durations_histogram_seconds_sum	6650.539877405053
1786879481	juicefs_fuse_ops_total_write	387606
1786879481	juicefs_object_request_durations_histogram_seconds_PUT_total	449422
1786879481	juicefs_object_request_durations_histogram_seconds_PUT_sum	2294.1795909959756
1786879481	juicefs_used_buffer_size_bytes	13631488
1786879482	juicefs_fuse_ops_durations_histogram_seconds_total	393110
1786879482	juicefs_fuse_ops_durations_histogram_seconds_sum	6660.442299250077
1786879482	juicefs_fuse_ops_total_write	389060
1786879482	juicefs_object_request_durations_histogram_seconds_PUT_total	451439
1786879482	juicefs_object_request_durations_histogram_seconds_PUT_sum	2296.6991348909714
1786879482	juicefs_used_buffer_size_bytes	9175040
1786879483	juicefs_fuse_ops_durations_histogram_seconds_total	395010
1786879483	juicefs_fuse_ops_durations_histogram_seconds_sum	6669.159225019083
1786879483	juicefs_fuse_ops_total_write	390949
1786879483	juicefs_object_request_durations_histogram_seconds_PUT_total	453413
1786879483	juicefs_object_request_durations_histogram_seconds_PUT_sum	2299.11095941997
1786879483	juicefs_used_buffer_size_bytes	8388608
1786879484	juicefs_fuse_ops_durations_histogram_seconds_total	395850
1786879484	juicefs_fuse_ops_durations_histogram_seconds_sum	6677.473118766078
1786879484	juicefs_fuse_ops_total_write	391778
1786879484	juicefs_object_request_durations_histogram_seconds_PUT_total	454498
1786879484	juicefs_object_request_durations_histogram_seconds_PUT_sum	2300.408883985972
1786879484	juicefs_used_buffer_size_bytes	8388608
1786879485	juicefs_fuse_ops_durations_histogram_seconds_total	396638
1786879485	juicefs_fuse_ops_durations_histogram_seconds_sum	6685.383064541072
1786879485	juicefs_fuse_ops_total_write	392405
1786879485	juicefs_object_request_durations_histogram_seconds_PUT_total	455125
1786879485	juicefs_object_request_durations_histogram_seconds_PUT_sum	2301.136828771971
1786879485	juicefs_used_buffer_size_bytes	8388608
1786879486	juicefs_fuse_ops_durations_histogram_seconds_total	398078
1786879486	juicefs_fuse_ops_durations_histogram_seconds_sum	6693.400745551077
1786879486	juicefs_fuse_ops_total_write	393834
1786879486	juicefs_object_request_durations_histogram_seconds_PUT_total	456553
1786879486	juicefs_object_request_durations_histogram_seconds_PUT_sum	2302.8998831409763
1786879486	juicefs_used_buffer_size_bytes	9437184
1786879487	juicefs_fuse_ops_durations_histogram_seconds_total	399535
1786879487	juicefs_fuse_ops_durations_histogram_seconds_sum	6701.110432947078
1786879487	juicefs_fuse_ops_total_write	395280
1786879487	juicefs_object_request_durations_histogram_seconds_PUT_total	458000
1786879487	juicefs_object_request_durations_histogram_seconds_PUT_sum	2304.7670011299792
1786879487	juicefs_used_buffer_size_bytes	8388608
1786879488	juicefs_fuse_ops_durations_histogram_seconds_total	401388
1786879488	juicefs_fuse_ops_durations_histogram_seconds_sum	6707.574969999069
1786879488	juicefs_fuse_ops_total_write	397122
1786879488	juicefs_object_request_durations_histogram_seconds_PUT_total	460354
1786879488	juicefs_object_request_durations_histogram_seconds_PUT_sum	2307.742049904972
1786879488	juicefs_used_buffer_size_bytes	8388608
1786879489	juicefs_fuse_ops_durations_histogram_seconds_total	402681
1786879489	juicefs_fuse_ops_durations_histogram_seconds_sum	6711.67660891608
1786879489	juicefs_fuse_ops_total_write	398404
1786879489	juicefs_object_request_durations_histogram_seconds_PUT_total	462302
1786879489	juicefs_object_request_durations_histogram_seconds_PUT_sum	2310.0856172709723
1786879489	juicefs_used_buffer_size_bytes	9699328
1786879490	juicefs_fuse_ops_durations_histogram_seconds_total	404276
1786879490	juicefs_fuse_ops_durations_histogram_seconds_sum	6785.686313960089
1786879490	juicefs_fuse_ops_total_write	399837
1786879490	juicefs_object_request_durations_histogram_seconds_PUT_total	464348
1786879490	juicefs_object_request_durations_histogram_seconds_PUT_sum	2312.6361490689646
1786879490	juicefs_used_buffer_size_bytes	8650752
1786879491	juicefs_fuse_ops_durations_histogram_seconds_total	405175
1786879491	juicefs_fuse_ops_durations_histogram_seconds_sum	6787.607788061098
1786879491	juicefs_fuse_ops_total_write	400726
1786879491	juicefs_object_request_durations_histogram_seconds_PUT_total	465237
1786879491	juicefs_object_request_durations_histogram_seconds_PUT_sum	2313.65482691196
1786879491	juicefs_used_buffer_size_bytes	8650752
1786879492	juicefs_fuse_ops_durations_histogram_seconds_total	405740
1786879492	juicefs_fuse_ops_durations_histogram_seconds_sum	6789.558208141095
1786879492	juicefs_fuse_ops_total_write	401280
1786879492	juicefs_object_request_durations_histogram_seconds_PUT_total	465791
1786879492	juicefs_object_request_durations_histogram_seconds_PUT_sum	2314.2980797879586
1786879492	juicefs_used_buffer_size_bytes	8650752
1786879493	juicefs_fuse_ops_durations_histogram_seconds_total	406705
1786879493	juicefs_fuse_ops_durations_histogram_seconds_sum	6934.816672022091
1786879493	juicefs_fuse_ops_total_write	402234
1786879493	juicefs_object_request_durations_histogram_seconds_PUT_total	466746
1786879493	juicefs_object_request_durations_histogram_seconds_PUT_sum	2315.3915453419636
1786879493	juicefs_used_buffer_size_bytes	8388608
1786879494	juicefs_fuse_ops_durations_histogram_seconds_total	408116
1786879494	juicefs_fuse_ops_durations_histogram_seconds_sum	6938.6859010251
1786879494	juicefs_fuse_ops_total_write	403634
1786879494	juicefs_object_request_durations_histogram_seconds_PUT_total	468145
1786879494	juicefs_object_request_durations_histogram_seconds_PUT_sum	2317.0151311389627
1786879494	juicefs_used_buffer_size_bytes	8650752
1786879495	juicefs_fuse_ops_durations_histogram_seconds_total	409028
1786879495	juicefs_fuse_ops_durations_histogram_seconds_sum	7013.062024436111
1786879495	juicefs_fuse_ops_total_write	404385
1786879495	juicefs_object_request_durations_histogram_seconds_PUT_total	469664
1786879495	juicefs_object_request_durations_histogram_seconds_PUT_sum	2318.871027298963
1786879495	juicefs_used_buffer_size_bytes	8650752
1786879496	juicefs_fuse_ops_durations_histogram_seconds_total	410163
1786879496	juicefs_fuse_ops_durations_histogram_seconds_sum	7231.7954942761135
1786879496	juicefs_fuse_ops_total_write	405509
1786879496	juicefs_object_request_durations_histogram_seconds_PUT_total	471299
1786879496	juicefs_object_request_durations_histogram_seconds_PUT_sum	2320.836926389968
1786879496	juicefs_used_buffer_size_bytes	8912896
1786879497	juicefs_fuse_ops_durations_histogram_seconds_total	411290
1786879497	juicefs_fuse_ops_durations_histogram_seconds_sum	7379.73701862211
1786879497	juicefs_fuse_ops_total_write	406625
1786879497	juicefs_object_request_durations_histogram_seconds_PUT_total	472656
1786879497	juicefs_object_request_durations_histogram_seconds_PUT_sum	2322.4506683639597
1786879497	juicefs_used_buffer_size_bytes	9175040
1786879498	juicefs_fuse_ops_durations_histogram_seconds_total	412204
1786879498	juicefs_fuse_ops_durations_histogram_seconds_sum	7456.885064454104
1786879498	juicefs_fuse_ops_total_write	407528
1786879498	juicefs_object_request_durations_histogram_seconds_PUT_total	473574
1786879498	juicefs_object_request_durations_histogram_seconds_PUT_sum	2323.5314587399553
1786879498	juicefs_used_buffer_size_bytes	8912896
1786879499	juicefs_fuse_ops_durations_histogram_seconds_total	412964
1786879499	juicefs_fuse_ops_durations_histogram_seconds_sum	7681.54525853811
1786879499	juicefs_fuse_ops_total_write	408277
1786879499	juicefs_object_request_durations_histogram_seconds_PUT_total	474837
1786879499	juicefs_object_request_durations_histogram_seconds_PUT_sum	2325.015968586953
1786879499	juicefs_used_buffer_size_bytes	8388608
1786879500	juicefs_fuse_ops_durations_histogram_seconds_total	415043
1786879500	juicefs_fuse_ops_durations_histogram_seconds_sum	8124.834939806107
1786879500	juicefs_fuse_ops_total_write	410195
1786879500	juicefs_object_request_durations_histogram_seconds_PUT_total	477362
1786879500	juicefs_object_request_durations_histogram_seconds_PUT_sum	2328.331479699952
1786879500	juicefs_used_buffer_size_bytes	9699328
1786879501	juicefs_fuse_ops_durations_histogram_seconds_total	416931
1786879501	juicefs_fuse_ops_durations_histogram_seconds_sum	8277.353991757092
1786879501	juicefs_fuse_ops_total_write	412072
1786879501	juicefs_object_request_durations_histogram_seconds_PUT_total	479836
1786879501	juicefs_object_request_durations_histogram_seconds_PUT_sum	2331.6136479849524
1786879501	juicefs_used_buffer_size_bytes	10747904
1786879502	juicefs_fuse_ops_durations_histogram_seconds_total	419470
1786879502	juicefs_fuse_ops_durations_histogram_seconds_sum	8428.024648128061
1786879502	juicefs_fuse_ops_total_write	414600
1786879502	juicefs_object_request_durations_histogram_seconds_PUT_total	482948
1786879502	juicefs_object_request_durations_histogram_seconds_PUT_sum	2335.855800242942
1786879502	juicefs_used_buffer_size_bytes	8912896
1786879503	juicefs_fuse_ops_durations_histogram_seconds_total	422264
1786879503	juicefs_fuse_ops_durations_histogram_seconds_sum	8858.658850530976
1786879503	juicefs_fuse_ops_total_write	417382
1786879503	juicefs_object_request_durations_histogram_seconds_PUT_total	486237
1786879503	juicefs_object_request_durations_histogram_seconds_PUT_sum	2340.441054484943
1786879503	juicefs_used_buffer_size_bytes	10485760
1786879504	juicefs_fuse_ops_durations_histogram_seconds_total	425327
1786879504	juicefs_fuse_ops_durations_histogram_seconds_sum	9215.276483898968
1786879504	juicefs_fuse_ops_total_write	420435
1786879504	juicefs_object_request_durations_histogram_seconds_PUT_total	490579
1786879504	juicefs_object_request_durations_histogram_seconds_PUT_sum	2346.8003129119393
1786879504	juicefs_used_buffer_size_bytes	9437184
1786879505	juicefs_fuse_ops_durations_histogram_seconds_total	427072
1786879505	juicefs_fuse_ops_durations_histogram_seconds_sum	9295.813384353969
1786879505	juicefs_fuse_ops_total_write	422019
1786879505	juicefs_object_request_durations_histogram_seconds_PUT_total	492690
1786879505	juicefs_object_request_durations_histogram_seconds_PUT_sum	2349.5329535829524
1786879505	juicefs_used_buffer_size_bytes	14155776
1786879506	juicefs_fuse_ops_durations_histogram_seconds_total	428814
1786879506	juicefs_fuse_ops_durations_histogram_seconds_sum	9648.933677586949
1786879506	juicefs_fuse_ops_total_write	423750
1786879506	juicefs_object_request_durations_histogram_seconds_PUT_total	494657
1786879506	juicefs_object_request_durations_histogram_seconds_PUT_sum	2352.193181061951
1786879506	juicefs_used_buffer_size_bytes	8912896
1786879507	juicefs_fuse_ops_durations_histogram_seconds_total	430995
1786879507	juicefs_fuse_ops_durations_histogram_seconds_sum	9938.966819476957
1786879507	juicefs_fuse_ops_total_write	425920
1786879507	juicefs_object_request_durations_histogram_seconds_PUT_total	497284
1786879507	juicefs_object_request_durations_histogram_seconds_PUT_sum	2355.797449477956
1786879507	juicefs_used_buffer_size_bytes	9961472
1786879508	juicefs_fuse_ops_durations_histogram_seconds_total	433700
1786879508	juicefs_fuse_ops_durations_histogram_seconds_sum	10161.075820093916
1786879508	juicefs_fuse_ops_total_write	428613
1786879508	juicefs_object_request_durations_histogram_seconds_PUT_total	500548
1786879508	juicefs_object_request_durations_histogram_seconds_PUT_sum	2360.5108319849596
1786879508	juicefs_used_buffer_size_bytes	8650752
1786879509	juicefs_fuse_ops_durations_histogram_seconds_total	436745
1786879509	juicefs_fuse_ops_durations_histogram_seconds_sum	10248.216186851952
1786879509	juicefs_fuse_ops_total_write	431649
1786879509	juicefs_object_request_durations_histogram_seconds_PUT_total	503584
1786879509	juicefs_object_request_durations_histogram_seconds_PUT_sum	2364.881021805966
1786879509	juicefs_used_buffer_size_bytes	8388608
1786879510	juicefs_fuse_ops_durations_histogram_seconds_total	440417
1786879510	juicefs_fuse_ops_durations_histogram_seconds_sum	10333.981354829952
1786879510	juicefs_fuse_ops_total_write	435159
1786879510	juicefs_object_request_durations_histogram_seconds_PUT_total	507386
1786879510	juicefs_object_request_durations_histogram_seconds_PUT_sum	2370.4570798319587
1786879510	juicefs_used_buffer_size_bytes	8912896
1786879511	juicefs_fuse_ops_durations_histogram_seconds_total	443047
1786879511	juicefs_fuse_ops_durations_histogram_seconds_sum	10351.083522087903
1786879511	juicefs_fuse_ops_total_write	437778
1786879511	juicefs_object_request_durations_histogram_seconds_PUT_total	510896
1786879511	juicefs_object_request_durations_histogram_seconds_PUT_sum	2375.5105923779556
1786879511	juicefs_used_buffer_size_bytes	11796480
1786879512	juicefs_fuse_ops_durations_histogram_seconds_total	445995
1786879512	juicefs_fuse_ops_durations_histogram_seconds_sum	10761.37690339588
1786879512	juicefs_fuse_ops_total_write	440715
1786879512	juicefs_object_request_durations_histogram_seconds_PUT_total	513931
1786879512	juicefs_object_request_durations_histogram_seconds_PUT_sum	2379.718693279948
1786879512	juicefs_used_buffer_size_bytes	8388608
1786879513	juicefs_fuse_ops_durations_histogram_seconds_total	449186
1786879513	juicefs_fuse_ops_durations_histogram_seconds_sum	10846.26268785988
1786879513	juicefs_fuse_ops_total_write	443895
1786879513	juicefs_object_request_durations_histogram_seconds_PUT_total	517111
1786879513	juicefs_object_request_durations_histogram_seconds_PUT_sum	2384.360901318945
1786879513	juicefs_used_buffer_size_bytes	8388608
1786879514	juicefs_fuse_ops_durations_histogram_seconds_total	451261
1786879514	juicefs_fuse_ops_durations_histogram_seconds_sum	10931.550803567905
1786879514	juicefs_fuse_ops_total_write	445959
1786879514	juicefs_object_request_durations_histogram_seconds_PUT_total	520040
1786879514	juicefs_object_request_durations_histogram_seconds_PUT_sum	2388.647314745949
1786879514	juicefs_used_buffer_size_bytes	10485760
1786879515	juicefs_fuse_ops_durations_histogram_seconds_total	454183
1786879515	juicefs_fuse_ops_durations_histogram_seconds_sum	11396.816844876948
1786879515	juicefs_fuse_ops_total_write	448720
1786879515	juicefs_object_request_durations_histogram_seconds_PUT_total	523256
1786879515	juicefs_object_request_durations_histogram_seconds_PUT_sum	2393.003103404952
1786879515	juicefs_used_buffer_size_bytes	8912896
1786879516	juicefs_fuse_ops_durations_histogram_seconds_total	458466
1786879516	juicefs_fuse_ops_durations_histogram_seconds_sum	11547.588777879968
1786879516	juicefs_fuse_ops_total_write	452992
1786879516	juicefs_object_request_durations_histogram_seconds_PUT_total	527744
1786879516	juicefs_object_request_durations_histogram_seconds_PUT_sum	2399.8051691959486
1786879516	juicefs_used_buffer_size_bytes	8388608
1786879517	juicefs_fuse_ops_durations_histogram_seconds_total	462007
1786879517	juicefs_fuse_ops_durations_histogram_seconds_sum	12077.756244516951
1786879517	juicefs_fuse_ops_total_write	456522
1786879517	juicefs_object_request_durations_histogram_seconds_PUT_total	531768
1786879517	juicefs_object_request_durations_histogram_seconds_PUT_sum	2406.0851762879493
1786879517	juicefs_used_buffer_size_bytes	9437184
1786879518	juicefs_fuse_ops_durations_histogram_seconds_total	464573
1786879518	juicefs_fuse_ops_durations_histogram_seconds_sum	12170.526059100943
1786879518	juicefs_fuse_ops_total_write	459077
1786879518	juicefs_object_request_durations_histogram_seconds_PUT_total	534597
1786879518	juicefs_object_request_durations_histogram_seconds_PUT_sum	2410.534257923944
1786879518	juicefs_used_buffer_size_bytes	8388608
1786879519	juicefs_fuse_ops_durations_histogram_seconds_total	464586
1786879519	juicefs_fuse_ops_durations_histogram_seconds_sum	12292.89616602794
1786879519	juicefs_fuse_ops_total_write	459079
1786879519	juicefs_object_request_durations_histogram_seconds_PUT_total	534728
1786879519	juicefs_object_request_durations_histogram_seconds_PUT_sum	2410.6826763649437
1786879519	juicefs_used_buffer_size_bytes	8912896
1786879520	juicefs_fuse_ops_durations_histogram_seconds_total	464747
1786879520	juicefs_fuse_ops_durations_histogram_seconds_sum	12292.941312061927
1786879520	juicefs_fuse_ops_total_write	459079
1786879520	juicefs_object_request_durations_histogram_seconds_PUT_total	535309
1786879520	juicefs_object_request_durations_histogram_seconds_PUT_sum	2411.368267609945
1786879520	juicefs_used_buffer_size_bytes	9175040
1786879521	juicefs_fuse_ops_durations_histogram_seconds_total	464760
1786879521	juicefs_fuse_ops_durations_histogram_seconds_sum	12411.377680800928
1786879521	juicefs_fuse_ops_total_write	459081
1786879521	juicefs_object_request_durations_histogram_seconds_PUT_total	536253
1786879521	juicefs_object_request_durations_histogram_seconds_PUT_sum	2412.491366136947
1786879521	juicefs_used_buffer_size_bytes	9437184
1786879522	juicefs_fuse_ops_durations_histogram_seconds_total	464776
1786879522	juicefs_fuse_ops_durations_histogram_seconds_sum	12706.651147048931
1786879522	juicefs_fuse_ops_total_write	459086
1786879522	juicefs_object_request_durations_histogram_seconds_PUT_total	537166
1786879522	juicefs_object_request_durations_histogram_seconds_PUT_sum	2413.579366776954
1786879522	juicefs_used_buffer_size_bytes	8388608
1786879523	juicefs_fuse_ops_durations_histogram_seconds_total	464788
1786879523	juicefs_fuse_ops_durations_histogram_seconds_sum	12765.43990702693
1786879523	juicefs_fuse_ops_total_write	459087
1786879523	juicefs_object_request_durations_histogram_seconds_PUT_total	537167
1786879523	juicefs_object_request_durations_histogram_seconds_PUT_sum	2413.580384654954
1786879523	juicefs_used_buffer_size_bytes	8388608
1786879524	juicefs_fuse_ops_durations_histogram_seconds_total	464803
1786879524	juicefs_fuse_ops_durations_histogram_seconds_sum	13003.248242867932
1786879524	juicefs_fuse_ops_total_write	459091
1786879524	juicefs_object_request_durations_histogram_seconds_PUT_total	537171
1786879524	juicefs_object_request_durations_histogram_seconds_PUT_sum	2413.584562621954
1786879524	juicefs_used_buffer_size_bytes	8388608
1786879525	juicefs_fuse_ops_durations_histogram_seconds_total	464966
1786879525	juicefs_fuse_ops_durations_histogram_seconds_sum	13123.421936973939
1786879525	juicefs_fuse_ops_total_write	459093
1786879525	juicefs_object_request_durations_histogram_seconds_PUT_total	537685
1786879525	juicefs_object_request_durations_histogram_seconds_PUT_sum	2414.163078283954
1786879525	juicefs_used_buffer_size_bytes	8388608
1786879526	juicefs_fuse_ops_durations_histogram_seconds_total	464978
1786879526	juicefs_fuse_ops_durations_histogram_seconds_sum	13184.174950599936
1786879526	juicefs_fuse_ops_total_write	459094
1786879526	juicefs_object_request_durations_histogram_seconds_PUT_total	537765
1786879526	juicefs_object_request_durations_histogram_seconds_PUT_sum	2414.2556496889556
1786879526	juicefs_used_buffer_size_bytes	8650752
1786879527	juicefs_fuse_ops_durations_histogram_seconds_total	464990
1786879527	juicefs_fuse_ops_durations_histogram_seconds_sum	13244.695104533936
1786879527	juicefs_fuse_ops_total_write	459095
1786879527	juicefs_object_request_durations_histogram_seconds_PUT_total	538199
1786879527	juicefs_object_request_durations_histogram_seconds_PUT_sum	2414.747481273951
1786879527	juicefs_used_buffer_size_bytes	8388608
1786879528	juicefs_fuse_ops_durations_histogram_seconds_total	465012
1786879528	juicefs_fuse_ops_durations_histogram_seconds_sum	13678.529280732933
1786879528	juicefs_fuse_ops_total_write	459102
1786879528	juicefs_object_request_durations_histogram_seconds_PUT_total	538968
1786879528	juicefs_object_request_durations_histogram_seconds_PUT_sum	2415.6708790329494
1786879528	juicefs_used_buffer_size_bytes	8912896
1786879529	juicefs_fuse_ops_durations_histogram_seconds_total	465035
1786879529	juicefs_fuse_ops_durations_histogram_seconds_sum	14057.187256271935
1786879529	juicefs_fuse_ops_total_write	459108
1786879529	juicefs_object_request_durations_histogram_seconds_PUT_total	539035
1786879529	juicefs_object_request_durations_histogram_seconds_PUT_sum	2415.745387261949
1786879529	juicefs_used_buffer_size_bytes	8912896
1786879530	juicefs_fuse_ops_durations_histogram_seconds_total	465198
1786879530	juicefs_fuse_ops_durations_histogram_seconds_sum	14069.365345571932
1786879530	juicefs_fuse_ops_total_write	459108
1786879530	juicefs_object_request_durations_histogram_seconds_PUT_total	539236
1786879530	juicefs_object_request_durations_histogram_seconds_PUT_sum	2415.966162195949
1786879530	juicefs_used_buffer_size_bytes	8388608
1786879531	juicefs_fuse_ops_durations_histogram_seconds_total	465222
1786879531	juicefs_fuse_ops_durations_histogram_seconds_sum	14202.555336909927
1786879531	juicefs_fuse_ops_total_write	459109
1786879531	juicefs_object_request_durations_histogram_seconds_PUT_total	539749
1786879531	juicefs_object_request_durations_histogram_seconds_PUT_sum	2416.591831162951
1786879531	juicefs_used_buffer_size_bytes	8388608
1786879532	juicefs_fuse_ops_durations_histogram_seconds_total	465239
1786879532	juicefs_fuse_ops_durations_histogram_seconds_sum	14243.90118355393
1786879532	juicefs_fuse_ops_total_write	459109
1786879532	juicefs_object_request_durations_histogram_seconds_PUT_total	540261
1786879532	juicefs_object_request_durations_histogram_seconds_PUT_sum	2417.18397865995
1786879532	juicefs_used_buffer_size_bytes	8388608
1786879533	juicefs_fuse_ops_durations_histogram_seconds_total	465253
1786879533	juicefs_fuse_ops_durations_histogram_seconds_sum	14316.85934573393
1786879533	juicefs_fuse_ops_total_write	459110
1786879533	juicefs_object_request_durations_histogram_seconds_PUT_total	540262
1786879533	juicefs_object_request_durations_histogram_seconds_PUT_sum	2417.18513579595
1786879533	juicefs_used_buffer_size_bytes	8388608
1786879534	juicefs_fuse_ops_durations_histogram_seconds_total	465281
1786879534	juicefs_fuse_ops_durations_histogram_seconds_sum	14484.366911305926
1786879534	juicefs_fuse_ops_total_write	459111
1786879534	juicefs_object_request_durations_histogram_seconds_PUT_total	541084
1786879534	juicefs_object_request_durations_histogram_seconds_PUT_sum	2418.286414456942
1786879534	juicefs_used_buffer_size_bytes	9437184
1786879535	juicefs_fuse_ops_durations_histogram_seconds_total	465449
1786879535	juicefs_fuse_ops_durations_histogram_seconds_sum	14575.430990596924
1786879535	juicefs_fuse_ops_total_write	459112
1786879535	juicefs_object_request_durations_histogram_seconds_PUT_total	541288
1786879535	juicefs_object_request_durations_histogram_seconds_PUT_sum	2418.5372854209436
1786879535	juicefs_used_buffer_size_bytes	8388608
1786879536	juicefs_fuse_ops_durations_histogram_seconds_total	465476
1786879536	juicefs_fuse_ops_durations_histogram_seconds_sum	14956.070247689924
1786879536	juicefs_fuse_ops_total_write	459118
1786879536	juicefs_object_request_durations_histogram_seconds_PUT_total	541294
1786879536	juicefs_object_request_durations_histogram_seconds_PUT_sum	2418.543693730944
1786879536	juicefs_used_buffer_size_bytes	8388608
1786879537	juicefs_fuse_ops_durations_histogram_seconds_total	465496
1786879537	juicefs_fuse_ops_durations_histogram_seconds_sum	15149.935935979922
1786879537	juicefs_fuse_ops_total_write	459121
1786879537	juicefs_object_request_durations_histogram_seconds_PUT_total	541553
1786879537	juicefs_object_request_durations_histogram_seconds_PUT_sum	2418.836909060946
1786879537	juicefs_used_buffer_size_bytes	8388608
1786879538	juicefs_fuse_ops_durations_histogram_seconds_total	465512
1786879538	juicefs_fuse_ops_durations_histogram_seconds_sum	15224.03107394592
1786879538	juicefs_fuse_ops_total_write	459122
1786879538	juicefs_object_request_durations_histogram_seconds_PUT_total	541554
1786879538	juicefs_object_request_durations_histogram_seconds_PUT_sum	2418.838002047946
1786879538	juicefs_used_buffer_size_bytes	8388608
1786879539	juicefs_fuse_ops_durations_histogram_seconds_total	465527
1786879539	juicefs_fuse_ops_durations_histogram_seconds_sum	15243.280589426922
1786879539	juicefs_fuse_ops_total_write	459122
1786879539	juicefs_object_request_durations_histogram_seconds_PUT_total	541584
1786879539	juicefs_object_request_durations_histogram_seconds_PUT_sum	2418.8758090629462
1786879539	juicefs_used_buffer_size_bytes	8912896
1786879540	juicefs_fuse_ops_durations_histogram_seconds_total	465688
1786879540	juicefs_fuse_ops_durations_histogram_seconds_sum	15243.406936088926
1786879540	juicefs_fuse_ops_total_write	459122
1786879540	juicefs_object_request_durations_histogram_seconds_PUT_total	541919
1786879540	juicefs_object_request_durations_histogram_seconds_PUT_sum	2419.298466398947
1786879540	juicefs_used_buffer_size_bytes	9437184
1786879541	juicefs_fuse_ops_durations_histogram_seconds_total	465705
1786879541	juicefs_fuse_ops_durations_histogram_seconds_sum	15461.702381800926
1786879541	juicefs_fuse_ops_total_write	459126
1786879541	juicefs_object_request_durations_histogram_seconds_PUT_total	542454
1786879541	juicefs_object_request_durations_histogram_seconds_PUT_sum	2419.9390365189483
1786879541	juicefs_used_buffer_size_bytes	9175040
1786879542	juicefs_fuse_ops_durations_histogram_seconds_total	465725
1786879542	juicefs_fuse_ops_durations_histogram_seconds_sum	15639.070806497928
1786879542	juicefs_fuse_ops_total_write	459129
1786879542	juicefs_object_request_durations_histogram_seconds_PUT_total	542601
1786879542	juicefs_object_request_durations_histogram_seconds_PUT_sum	2420.134892572951
1786879542	juicefs_used_buffer_size_bytes	8912896
1786879543	juicefs_fuse_ops_durations_histogram_seconds_total	465746
1786879543	juicefs_fuse_ops_durations_histogram_seconds_sum	15669.257567553925
1786879543	juicefs_fuse_ops_total_write	459129
1786879543	juicefs_object_request_durations_histogram_seconds_PUT_total	543353
1786879543	juicefs_object_request_durations_histogram_seconds_PUT_sum	2421.0994375599453
1786879543	juicefs_used_buffer_size_bytes	8388608
1786879544	juicefs_fuse_ops_durations_histogram_seconds_total	465759
1786879544	juicefs_fuse_ops_durations_histogram_seconds_sum	15672.584385283928
1786879544	juicefs_fuse_ops_total_write	459129
1786879544	juicefs_object_request_durations_histogram_seconds_PUT_total	543353
1786879544	juicefs_object_request_durations_histogram_seconds_PUT_sum	2421.0994375599453
1786879544	juicefs_used_buffer_size_bytes	8388608
1786879545	juicefs_fuse_ops_durations_histogram_seconds_total	465925
1786879545	juicefs_fuse_ops_durations_histogram_seconds_sum	15827.227123214927
1786879545	juicefs_fuse_ops_total_write	459132
1786879545	juicefs_object_request_durations_histogram_seconds_PUT_total	543612
1786879545	juicefs_object_request_durations_histogram_seconds_PUT_sum	2421.4048488829417
1786879545	juicefs_used_buffer_size_bytes	8388608
1786879546	juicefs_fuse_ops_durations_histogram_seconds_total	465938
1786879546	juicefs_fuse_ops_durations_histogram_seconds_sum	15927.47793182693
1786879546	juicefs_fuse_ops_total_write	459134
1786879546	juicefs_object_request_durations_histogram_seconds_PUT_total	543870
1786879546	juicefs_object_request_durations_histogram_seconds_PUT_sum	2421.690812101937
1786879546	juicefs_used_buffer_size_bytes	8388608
1786879547	juicefs_fuse_ops_durations_histogram_seconds_total	465950
1786879547	juicefs_fuse_ops_durations_histogram_seconds_sum	15977.728083444927
1786879547	juicefs_fuse_ops_total_write	459135
1786879547	juicefs_object_request_durations_histogram_seconds_PUT_total	543938
1786879547	juicefs_object_request_durations_histogram_seconds_PUT_sum	2421.7733226229366
1786879547	juicefs_used_buffer_size_bytes	8912896
1786879548	juicefs_fuse_ops_durations_histogram_seconds_total	465965
1786879548	juicefs_fuse_ops_durations_histogram_seconds_sum	16173.820598792929
1786879548	juicefs_fuse_ops_total_write	459139
1786879548	juicefs_object_request_durations_histogram_seconds_PUT_total	544387
1786879548	juicefs_object_request_durations_histogram_seconds_PUT_sum	2422.2950995319347
1786879548	juicefs_used_buffer_size_bytes	8388608
1786879549	juicefs_fuse_ops_durations_histogram_seconds_total	465981
1786879549	juicefs_fuse_ops_durations_histogram_seconds_sum	16414.021542274928
1786879549	juicefs_fuse_ops_total_write	459144
1786879549	juicefs_object_request_durations_histogram_seconds_PUT_total	544471
1786879549	juicefs_object_request_durations_histogram_seconds_PUT_sum	2422.396522795935
1786879549	juicefs_used_buffer_size_bytes	9437184
1786879550	juicefs_fuse_ops_durations_histogram_seconds_total	466099
1786879550	juicefs_fuse_ops_durations_histogram_seconds_sum	16879.960165445933
1786879550	juicefs_fuse_ops_total_write	459154
1786879550	juicefs_object_request_durations_histogram_seconds_PUT_total	544914
1786879550	juicefs_object_request_durations_histogram_seconds_PUT_sum	2422.9585845359366
1786879550	juicefs_used_buffer_size_bytes	8388608
1786879551	juicefs_fuse_ops_durations_histogram_seconds_total	466171
1786879551	juicefs_fuse_ops_durations_histogram_seconds_sum	17059.755228065937
1786879551	juicefs_fuse_ops_total_write	459158
1786879551	juicefs_object_request_durations_histogram_seconds_PUT_total	545075
1786879551	juicefs_object_request_durations_histogram_seconds_PUT_sum	2423.142043313936
1786879551	juicefs_used_buffer_size_bytes	8912896
1786879552	juicefs_fuse_ops_durations_histogram_seconds_total	466187
1786879552	juicefs_fuse_ops_durations_histogram_seconds_sum	17268.59299878194
1786879552	juicefs_fuse_ops_total_write	459163
1786879552	juicefs_object_request_durations_histogram_seconds_PUT_total	545223
1786879552	juicefs_object_request_durations_histogram_seconds_PUT_sum	2423.3179918219353
1786879552	juicefs_used_buffer_size_bytes	8912896
1786879553	juicefs_fuse_ops_durations_histogram_seconds_total	466201
1786879553	juicefs_fuse_ops_durations_histogram_seconds_sum	17312.826352273933
1786879553	juicefs_fuse_ops_total_write	459164
1786879553	juicefs_object_request_durations_histogram_seconds_PUT_total	546204
1786879553	juicefs_object_request_durations_histogram_seconds_PUT_sum	2424.5614163569335
1786879553	juicefs_used_buffer_size_bytes	8388608
1786879554	juicefs_fuse_ops_durations_histogram_seconds_total	466217
1786879554	juicefs_fuse_ops_durations_histogram_seconds_sum	17510.106685621944
1786879554	juicefs_fuse_ops_total_write	459169
1786879554	juicefs_object_request_durations_histogram_seconds_PUT_total	546977
1786879554	juicefs_object_request_durations_histogram_seconds_PUT_sum	2425.4759602769273
1786879554	juicefs_used_buffer_size_bytes	8388608
1786879555	juicefs_fuse_ops_durations_histogram_seconds_total	466231
1786879555	juicefs_fuse_ops_durations_histogram_seconds_sum	17624.190730670947
1786879555	juicefs_fuse_ops_total_write	459172
1786879555	juicefs_object_request_durations_histogram_seconds_PUT_total	547208
1786879555	juicefs_object_request_durations_histogram_seconds_PUT_sum	2425.7364959019287
1786879555	juicefs_used_buffer_size_bytes	9699328
1786879556	juicefs_fuse_ops_durations_histogram_seconds_total	466392
1786879556	juicefs_fuse_ops_durations_histogram_seconds_sum	17624.237708345932
1786879556	juicefs_fuse_ops_total_write	459172
1786879556	juicefs_object_request_durations_histogram_seconds_PUT_total	548004
1786879556	juicefs_object_request_durations_histogram_seconds_PUT_sum	2426.795890934928
1786879556	juicefs_used_buffer_size_bytes	8388608
1786879557	juicefs_fuse_ops_durations_histogram_seconds_total	466407
1786879557	juicefs_fuse_ops_durations_histogram_seconds_sum	17639.506345703925
1786879557	juicefs_fuse_ops_total_write	459172
1786879557	juicefs_object_request_durations_histogram_seconds_PUT_total	548260
1786879557	juicefs_object_request_durations_histogram_seconds_PUT_sum	2427.100448234925
1786879557	juicefs_used_buffer_size_bytes	8388608
1786879558	juicefs_fuse_ops_durations_histogram_seconds_total	466426
1786879558	juicefs_fuse_ops_durations_histogram_seconds_sum	17677.374211412924
1786879558	juicefs_fuse_ops_total_write	459172
1786879558	juicefs_object_request_durations_histogram_seconds_PUT_total	548772
1786879558	juicefs_object_request_durations_histogram_seconds_PUT_sum	2427.7069668439217
1786879558	juicefs_used_buffer_size_bytes	8388608
1786879559	juicefs_fuse_ops_durations_histogram_seconds_total	466443
1786879559	juicefs_fuse_ops_durations_histogram_seconds_sum	17734.897941281924
1786879559	juicefs_fuse_ops_total_write	459172
1786879559	juicefs_object_request_durations_histogram_seconds_PUT_total	549279
1786879559	juicefs_object_request_durations_histogram_seconds_PUT_sum	2428.334381863919
1786879559	juicefs_used_buffer_size_bytes	8912896
1786879560	juicefs_fuse_ops_durations_histogram_seconds_total	466464
1786879560	juicefs_fuse_ops_durations_histogram_seconds_sum	17879.469871012927
1786879560	juicefs_fuse_ops_total_write	459172
1786879560	juicefs_object_request_durations_histogram_seconds_PUT_total	549540
1786879560	juicefs_object_request_durations_histogram_seconds_PUT_sum	2428.6321187879175
1786879560	juicefs_used_buffer_size_bytes	8388608
1786879561	juicefs_fuse_ops_durations_histogram_seconds_total	466635
1786879561	juicefs_fuse_ops_durations_histogram_seconds_sum	17925.527656968912
1786879561	juicefs_fuse_ops_total_write	459172
1786879561	juicefs_object_request_durations_histogram_seconds_PUT_total	549796
1786879561	juicefs_object_request_durations_histogram_seconds_PUT_sum	2428.9477222369214
1786879561	juicefs_used_buffer_size_bytes	8388608
1786879562	juicefs_fuse_ops_durations_histogram_seconds_total	466650
1786879562	juicefs_fuse_ops_durations_histogram_seconds_sum	18010.486164124915
1786879562	juicefs_fuse_ops_total_write	459172
1786879562	juicefs_object_request_durations_histogram_seconds_PUT_total	549796
1786879562	juicefs_object_request_durations_histogram_seconds_PUT_sum	2428.9477222369214
1786879562	juicefs_used_buffer_size_bytes	8388608
1786879563	juicefs_fuse_ops_durations_histogram_seconds_total	466673
1786879563	juicefs_fuse_ops_durations_histogram_seconds_sum	18196.62663936092
1786879563	juicefs_fuse_ops_total_write	459172
1786879563	juicefs_object_request_durations_histogram_seconds_PUT_total	550052
1786879563	juicefs_object_request_durations_histogram_seconds_PUT_sum	2429.2476464689184
1786879563	juicefs_used_buffer_size_bytes	8388608
1786879564	juicefs_fuse_ops_durations_histogram_seconds_total	466700
1786879564	juicefs_fuse_ops_durations_histogram_seconds_sum	18471.559187455918
1786879564	juicefs_fuse_ops_total_write	459172
1786879564	juicefs_object_request_durations_histogram_seconds_PUT_total	550308
1786879564	juicefs_object_request_durations_histogram_seconds_PUT_sum	2429.541490453917
1786879564	juicefs_used_buffer_size_bytes	8388608
1786879565	juicefs_fuse_ops_durations_histogram_seconds_total	466717
1786879565	juicefs_fuse_ops_durations_histogram_seconds_sum	18588.51529324192
1786879565	juicefs_fuse_ops_total_write	459172
1786879565	juicefs_object_request_durations_histogram_seconds_PUT_total	550308
1786879565	juicefs_object_request_durations_histogram_seconds_PUT_sum	2429.541490453917
1786879565	juicefs_used_buffer_size_bytes	8388608
1786879566	juicefs_fuse_ops_durations_histogram_seconds_total	466882
1786879566	juicefs_fuse_ops_durations_histogram_seconds_sum	18662.68898057392
1786879566	juicefs_fuse_ops_total_write	459172
1786879566	juicefs_object_request_durations_histogram_seconds_PUT_total	550564
1786879566	juicefs_object_request_durations_histogram_seconds_PUT_sum	2429.8318843229154
1786879566	juicefs_used_buffer_size_bytes	8388608
1786879567	juicefs_fuse_ops_durations_histogram_seconds_total	466899
1786879567	juicefs_fuse_ops_durations_histogram_seconds_sum	18760.813022937924
1786879567	juicefs_fuse_ops_total_write	459172
1786879567	juicefs_object_request_durations_histogram_seconds_PUT_total	550564
1786879567	juicefs_object_request_durations_histogram_seconds_PUT_sum	2429.8318843229154
1786879567	juicefs_used_buffer_size_bytes	8388608
1786879568	juicefs_fuse_ops_durations_histogram_seconds_total	466912
1786879568	juicefs_fuse_ops_durations_histogram_seconds_sum	18792.200928522925
1786879568	juicefs_fuse_ops_total_write	459172
1786879568	juicefs_object_request_durations_histogram_seconds_PUT_total	550564
1786879568	juicefs_object_request_durations_histogram_seconds_PUT_sum	2429.8318843229154
1786879568	juicefs_used_buffer_size_bytes	8388608
1786879569	juicefs_fuse_ops_durations_histogram_seconds_total	466929
1786879569	juicefs_fuse_ops_durations_histogram_seconds_sum	18880.236778047925
1786879569	juicefs_fuse_ops_total_write	459172
1786879569	juicefs_object_request_durations_histogram_seconds_PUT_total	551076
1786879569	juicefs_object_request_durations_histogram_seconds_PUT_sum	2430.4364620359124
1786879569	juicefs_used_buffer_size_bytes	8388608
1786879570	juicefs_fuse_ops_durations_histogram_seconds_total	466946
1786879570	juicefs_fuse_ops_durations_histogram_seconds_sum	18949.488416795924
1786879570	juicefs_fuse_ops_total_write	459172
1786879570	juicefs_object_request_durations_histogram_seconds_PUT_total	551076
1786879570	juicefs_object_request_durations_histogram_seconds_PUT_sum	2430.4364620359124
1786879570	juicefs_used_buffer_size_bytes	8388608
1786879571	juicefs_fuse_ops_durations_histogram_seconds_total	467109
1786879571	juicefs_fuse_ops_durations_histogram_seconds_sum	18975.618318207904
1786879571	juicefs_fuse_ops_total_write	459172
1786879571	juicefs_object_request_durations_histogram_seconds_PUT_total	551587
1786879571	juicefs_object_request_durations_histogram_seconds_PUT_sum	2431.0304489179157
1786879571	juicefs_used_buffer_size_bytes	8650752
1786879572	juicefs_fuse_ops_durations_histogram_seconds_total	467128
1786879572	juicefs_fuse_ops_durations_histogram_seconds_sum	19065.084817100906
1786879572	juicefs_fuse_ops_total_write	459172
1786879572	juicefs_object_request_durations_histogram_seconds_PUT_total	553124
1786879572	juicefs_object_request_durations_histogram_seconds_PUT_sum	2433.014934729915
1786879572	juicefs_used_buffer_size_bytes	8388608
1786879573	juicefs_fuse_ops_durations_histogram_seconds_total	467143
1786879573	juicefs_fuse_ops_durations_histogram_seconds_sum	19174.1716795699
1786879573	juicefs_fuse_ops_total_write	459172
1786879573	juicefs_object_request_durations_histogram_seconds_PUT_total	553736
1786879573	juicefs_object_request_durations_histogram_seconds_PUT_sum	2433.7487498829178
1786879573	juicefs_used_buffer_size_bytes	8912896
1786879574	juicefs_fuse_ops_durations_histogram_seconds_total	467160
1786879574	juicefs_fuse_ops_durations_histogram_seconds_sum	19278.958419816892
1786879574	juicefs_fuse_ops_total_write	459172
1786879574	juicefs_object_request_durations_histogram_seconds_PUT_total	554157
1786879574	juicefs_object_request_durations_histogram_seconds_PUT_sum	2434.2638613199183
1786879574	juicefs_used_buffer_size_bytes	9437184
1786879575	juicefs_fuse_ops_durations_histogram_seconds_total	467175
1786879575	juicefs_fuse_ops_durations_histogram_seconds_sum	19320.244127513895
1786879575	juicefs_fuse_ops_total_write	459172
1786879575	juicefs_object_request_durations_histogram_seconds_PUT_total	554404
1786879575	juicefs_object_request_durations_histogram_seconds_PUT_sum	2434.5666993919167
1786879575	juicefs_used_buffer_size_bytes	8388608
1786879576	juicefs_fuse_ops_durations_histogram_seconds_total	467346
1786879576	juicefs_fuse_ops_durations_histogram_seconds_sum	19500.59170686887
1786879576	juicefs_fuse_ops_total_write	459172
1786879576	juicefs_object_request_durations_histogram_seconds_PUT_total	554404
1786879576	juicefs_object_request_durations_histogram_seconds_PUT_sum	2434.5666993919167
1786879576	juicefs_used_buffer_size_bytes	8388608
1786879577	juicefs_fuse_ops_durations_histogram_seconds_total	467359
1786879577	juicefs_fuse_ops_durations_histogram_seconds_sum	19528.138659584867
1786879577	juicefs_fuse_ops_total_write	459172
1786879577	juicefs_object_request_durations_histogram_seconds_PUT_total	556275
1786879577	juicefs_object_request_durations_histogram_seconds_PUT_sum	2437.2871878169176
1786879577	juicefs_used_buffer_size_bytes	9961472
1786879578	juicefs_fuse_ops_durations_histogram_seconds_total	467376
1786879578	juicefs_fuse_ops_durations_histogram_seconds_sum	19639.961391113862
1786879578	juicefs_fuse_ops_total_write	459172
1786879578	juicefs_object_request_durations_histogram_seconds_PUT_total	557220
1786879578	juicefs_object_request_durations_histogram_seconds_PUT_sum	2438.6197731079224
1786879578	juicefs_used_buffer_size_bytes	8388608
1786879579	juicefs_fuse_ops_durations_histogram_seconds_total	467395
1786879579	juicefs_fuse_ops_durations_histogram_seconds_sum	19747.427603158867
1786879579	juicefs_fuse_ops_total_write	459172
1786879579	juicefs_object_request_durations_histogram_seconds_PUT_total	557975
1786879579	juicefs_object_request_durations_histogram_seconds_PUT_sum	2439.6096849219216
1786879579	juicefs_used_buffer_size_bytes	10223616
